sample	fa	mo	type	ID	vqslod	triodenovo	dnmfilter	denovogear	denovofilter	sanger	Gene.refGene	SIFT_score	SIFT_pred	Polyphen2_HVAR_score	Polyphen2_HVAR_pred	PROVEAN_score	PROVEAN_pred	CADD_phred	GERP++_RS	gerp++gt2	phyloP7way_vertebrate	phastCons7way_vertebrate	ExAC_ALL	ExAC_AFR	ExAC_AMR	ExAC_EAS	ExAC_FIN	ExAC_NFE	ExAC_OTH	ExAC_SAS	snp138NonFlagged	snp20160620_tommo_exome	esp6500siv2_all	CHROM	POS	REF	ALT	gene_x	ENSG	ENST	c.HGVS	p.HVGS	Rank	csq	Biotype	DNA_ID	Identified_Gene	Disease	State	variant_id	GeneSymbol	ENST_Full	ENSG_Full	Strand	Tag	is_Multi	SpliceAI	DS_AG	DS_AL	DS_DG	DS_DL	DP_AG	DP_AL	DP_DG	DP_DL	maxsplai	is_Canonical	Int_loc	exon_loc	ex_up_dist	ex_down_dist	exon_pos	exon_splice_site	SpliceType	Num_ExInt	clinvar_same_pos	clinvar_same_motif	ExInt_INFO	prc_exon_loc	Pseudoexon	Part_IntRet	Part_ExDel	Exon_skipping	Int_Retention	multiexs	Size_Part_ExDel	Size_Part_IntRet	Size_pseudoexon	Size_IntRet	Size_skipped_exon	CDS_Length	is_10%_truncation	is_eLoF	is_NMD_at_Canon	is_Frameshift_Part_ExDel	is_Frameshift_Part_IntRet	is_Frameshift_pseudoexon	is_Frameshift_IntRet	is_Frameshift_skipped_exon	is_Frameshift	skipped_region	deleted_region	skipped_ccrs	deleted_ccrs	insilico_screening	clinvar_screening	PrioritySscore	altsymbol	refseq	expected_inheritance	hgncID	omimid	DM
Sample_17271	Sample_17272	Sample_17273	snv	1:159858287-C-A	-1.143	.	.	.	True	.	CFAP45	.	.	.	.	.	.	24.5	5.35	5.35	0.871	0.368	.	.	.	.	.	.	.	.	.	.	.	1	159858287	C	A	CCDC19	ENSG00000213085	ENST00000368099	c.273-1G>T	.	3/11	splice_acceptor_variant&intron_variant	protein_coding	17271	GRIN1	diffuse_PMG+MIC,diffuse_PMG+MIC	Identified	1:159858287-C-A	CFAP45	ENST00000368099.9_9	ENSG00000213085.10_14	-	basic,Ensembl_canonical,MANE_Select,appris_principal_1,CCDS	False	CFAP45|0.91|1.00|0.01|0.00|-12|-1|-148|-304	0.91	1.0	0.01	0.0	-12	-1	-148	-304	1.0	True	-1	.	.	.	.	.	Acceptor_int	3/11	[]	[]	{'strand': '-', 'eStart': 159858142, 'eEnd': 159858286, 'curt_Int': 3, 'curt_IntStart': 159858287, 'curt_IntEnd': 159860269, 'prev_Ex': 3, 'prev_ExStart': 159860270, 'prev_ExEnd': 159860412, 'next_Ex': 4, 'next_ExStart': 159858142, 'next_ExEnd': 159858286}	Intron_variant	False	True	True	False	False	.	11.0	.	.	.	.	1653	False	False	Possibly_NMD	True	False	False	False	False	True	.	1 159858275 159858286	.	30.363341046	4	0	4	CCDC19|HTX11|NESG1	NM_012337.3	UNK	17229	605152	5.0
Sample_10507	Sample_10505	Sample_10506	snv	1:160385851-G-A	-3.219	8.52	0.649862368594869	0.833662	True	.	VANGL2	.	.	.	.	.	.	25.0	4.65	4.65	0.913	0.967	.	.	.	.	.	.	.	.	.	.	.	1	160385851	G	A	VANGL2	ENSG00000162738	ENST00000368061	c.72-1G>A	.	2/7	splice_acceptor_variant&intron_variant	protein_coding	10507	CYBB	CGD,CGD	Identified	1:160385851-G-A	VANGL2	ENST00000368061.3_3	ENSG00000162738.7_7	+	basic,Ensembl_canonical,MANE_Select,appris_principal_1,CCDS	False	VANGL2|0.80|0.97|0.02|0.01|2|1|673|121	0.8	0.97	0.02	0.01	2	1	673	121	0.97	True	-1	.	.	.	.	.	Acceptor_int	2/7	[]	[]	{'strand': '+', 'eStart': 160385852, 'eEnd': 160385972, 'curt_Int': 2, 'curt_IntStart': 160385699, 'curt_IntEnd': 160385851, 'prev_Ex': 2, 'prev_ExStart': 160385438, 'prev_ExEnd': 160385698, 'next_Ex': 3, 'next_ExStart': 160385852, 'next_ExEnd': 160385972}	Intron_variant	False	True	True	False	False	.	1.0	.	.	.	.	1563	False	False	Possibly_NMD	True	False	False	False	False	True	.	1 160385852 160385853	.	0.0	4	0	4	LPP1|LTAP|STB1|STBM|STBM1	NM_020335.3	UNK	15511	600533	7.0
Sample_19271	Sample_19272	Sample_19273	snv	1:205131162-A-C	-680.8	5.02	0.00537933089290484	0.00627001	True	.	DSTYK	.	.	.	.	.	.	26.2	5.9	5.9	1.062	0.870	3.382e-05	0	0	0	0.0006	0	0	0	.	.	.	1	205131162	A	C	DSTYK	ENSG00000133059	ENST00000367162	c.1818+2T>G	.	6/12	splice_donor_variant&intron_variant	protein_coding	19271	COL6A1	Multimalformation syndrome,Multimalformation syndrome	Identified	1:205131162-A-C	DSTYK	ENST00000367162.8_6	ENSG00000133059.17_8	-	basic,Ensembl_canonical,MANE_Select,appris_principal_1,CCDS	False	DSTYK|0.00|0.08|0.17|0.96|349|178|-92|2	0.0	0.08	0.17	0.96	349	178	-92	2	0.96	True	+2	.	.	.	.	.	Donor_int	6/12	[]	[]	{'strand': '-', 'eStart': 205131164, 'eEnd': 205131340, 'curt_Int': 6, 'curt_IntStart': 205130516, 'curt_IntEnd': 205131163, 'prev_Ex': 6, 'prev_ExStart': 205131164, 'prev_ExEnd': 205131340, 'next_Ex': 7, 'next_ExStart': 205130386, 'next_ExEnd': 205130515}	Intron_variant	False	False	False	True	False	One exon skipping	.	.	.	.	177.0	2787	False	True	Possibly_NMD	False	False	False	False	False	False	1 205131164 205131340	.	78.523197796	.	6	0	6	CAKUT1|DustyPK|HDCMD38P|RHDNS1|RIP5|RIPK5|SPG23	NM_015375.3	AD	29043	612666	14.0
Sample_23010	Sample_23011	Sample_23012	snv	1:212606464-T-G	-61.14	6.86	0.366443168335971	0.31157	True	.	NENF	.	.	.	.	.	.	23.6	3.34	3.34	0.877	0.986	.	.	.	.	.	.	.	.	.	tommo_chr1_212606463:G:0.0038:15:3912	.	1	212606464	T	G	NENF	ENSG00000117691	ENST00000366988	c.177+2T>G	.	1/3	splice_donor_variant&intron_variant	protein_coding	23010	CNV_MBD5	ƒ~ƒIƒNƒƒj[E‹­’¼”­ì,ƒ~ƒIƒNƒƒj[E‹­’¼”­ì	Identified	1:212606464-T-G	NENF	ENST00000366988.5_3	ENSG00000117691.10_6	+	basic,Ensembl_canonical,MANE_Select,appris_principal_1,CCDS	False	NENF|0.04|0.00|0.27|0.99|1538|3234|175|-2	0.04	0.0	0.27	0.99	1538	3234	175	-2	0.99	True	+2	.	.	.	.	.	Donor_int	1/3	[]	[]	{'strand': '+', 'eStart': 212606262, 'eEnd': 212606462, 'curt_Int': 1, 'curt_IntStart': 212606463, 'curt_IntEnd': 212615906, 'prev_Ex': 1, 'prev_ExStart': 212606262, 'prev_ExEnd': 212606462, 'next_Ex': 2, 'next_ExStart': 212615907, 'next_ExEnd': 212615967}	Intron_variant	False	False	False	False	False	.	.	.	.	.	.	516	False	False	Possibly_NMD	False	False	False	False	False	False	.	.	.	.	5	0	5	CIR2|SCIRP10|SPUF	NM_013349.5	UNK	30384	611874	0.0
Sample_15053	Sample_15054	Sample_15055	snv	1:214531394-C-T	-2.366	0.82	0.408216458752378	.	True	.	PTPN14	.	.	.	.	.	.	28.5	5.67	5.67	0.871	0.994	.	.	.	.	.	.	.	.	.	.	.	1	214531394	C	T	PTPN14	ENSG00000152104	ENST00000366956	c.3436-1G>A	.	18/18	splice_acceptor_variant&intron_variant	protein_coding	15053	DNM1L	d“x”­ˆçE”­’B’x‘Ø+“ïŽ¡‚Ä‚ñ‚©‚ñ+is«_Œo•a‘Ô,d“x”­ˆçE”­’B’x‘Ø+“ïŽ¡‚Ä‚ñ‚©‚ñ+is«_Œo•a‘Ô	Identified	1:214531394-C-T	PTPN14	ENST00000366956.10_6	ENSG00000152104.12_9	-	basic,Ensembl_canonical,MANE_Select,appris_principal_1,CCDS	False	PTPN14|0.69|0.99|0.08|0.01|-4|-1|-586|87	0.69	0.99	0.08	0.01	-4	-1	-586	87	0.99	True	-1	.	.	.	.	.	Acceptor_int	18/18	[]	[]	{'strand': '-', 'eStart': 214522043, 'eEnd': 214531393, 'curt_Int': 18, 'curt_IntStart': 214531394, 'curt_IntEnd': 214537854, 'prev_Ex': 18, 'prev_ExStart': 214537855, 'prev_ExEnd': 214538018, 'next_Ex': 19, 'next_ExStart': 214522043, 'next_ExEnd': 214531393}	Intron_variant	False	True	True	False	False	.	3.0	.	.	.	.	3561	False	True	Escape_NMD	False	False	False	False	False	False	.	1 214531390 214531393	.	76.77967118	6	0	6		NM_005401.5	AR	9647	603155	3.0
Sample_5656	Sample_7004	Sample_7005	snv	1:216172381-T-C	-2.578	0.22	0.0345205570869512	.	True	.	USH2A	1.0	T	0.0	B	-0.1	N	0.002	-4.4	.	-1.328	0.820	8.266e-06	0	0	0.0001	0	0	0	0	.	.	.	1	216172381	T	C	USH2A	ENSG00000042781	ENST00000307340	c.6505A>G	p.Ile2169Val	34/72	missense_variant	protein_coding	5656	GRIN1	‚Ä‚ñ‚©‚ñ,‚Ä‚ñ‚©‚ñ	Identified	1:216172381-T-C	USH2A	ENST00000307340.8_11	ENSG00000042781.14_14	-	basic,Ensembl_canonical,MANE_Select,appris_principal_1,CCDS	False	USH2A|0.01|0.06|0.63|0.20|-99|19|1|-152	0.01	0.06	0.63	0.2	-99	19	1	-152	0.63	False	Exonic	152:19	152	19	19.0	non_SplExon	Acceptor_ex	34/72	[]	['Likely pathogenic_1:216172401']	{'strand': '-', 'eStart': 216172229, 'eEnd': 216172400, 'curt_Ex': 34, 'curt_ExStart': 216172229, 'curt_ExEnd': 216172400, 'prev_Ex': 33, 'prev_ExStart': 216173745, 'prev_ExEnd': 216173904, 'next_Ex': 35, 'next_ExStart': 216166362, 'next_ExEnd': 216166509}	11.11111111111111	False	False	False	True	False	One exon skipping	.	.	.	.	172.0	15606	False	True	Exonic(Non-Canonical)	False	False	False	False	True	True	1 216172229 216172400	.	63.055176703	.	3	1	4		NM_206933.4	ADAR	12601	608400	1736.0
Sample_8643	Sample_8644	Sample_8645	snv	1:224588651-C-T	-0.3435	13.15	0.967690846729154	0.999995	True	.	WDR26	.	.	.	.	.	.	27.8	5.66	5.66	0.871	0.950	.	.	.	.	.	.	.	.	.	.	.	1	224588651	C	T	WDR26	ENSG00000162923	ENST00000414423	c.1419+1G>A	.	9/13	splice_donor_variant&intron_variant	protein_coding	8643	ANKRD11	CSS#,CSS#	Identified	1:224588651-C-T	WDR26	ENST00000414423.9_8	ENSG00000162923.18_15	-	CAGE_supported_TSS,non_ATG_start,basic,Ensembl_canonical,MANE_Select	False	WDR26|0.00|0.29|0.79|0.96|-81|116|27|1	0.0	0.29	0.79	0.96	-81	116	27	1	0.96	True	+1	.	.	.	.	.	Donor_int	9/13	[]	[]	{'strand': '-', 'eStart': 224588652, 'eEnd': 224588771, 'curt_Ex': 9, 'curt_ExStart': 224588652, 'curt_ExEnd': 224588771, 'prev_Ex': 8, 'prev_ExStart': 224592132, 'prev_ExEnd': 224592272, 'next_Ex': 10, 'next_ExStart': 224586591, 'next_ExEnd': 224586736}	Intron_variant	False	False	False	False	False	.	.	.	.	.	.	2283	False	True	Exonic(Non-Canonical)	False	False	False	False	False	False	.	.	.	.	5	0	5		NM_025160.7	AD	21208	617424	34.0
Sample_19224	Sample_19225	Sample_19226	snv	1:25569197-C-A	-2.122	.	.	.	True	.	RSRP1	.	.	.	.	.	.	25.1	4.89	4.89	0.871	0.996	.	.	.	.	.	.	.	.	.	.	.	1	25569197	C	A	C1orf63	ENSG00000117616	ENST00000243189	c.757-1G>T	.	4/4	splice_acceptor_variant&intron_variant	protein_coding	19224	PACS2	‚Ä‚ñ‚©‚ñ(¶Œã3“ú”­Ç),‚Ä‚ñ‚©‚ñ	Identified	1:25569197-C-A	RSRP1	ENST00000243189.12_6	ENSG00000117616.18_13	-	basic,Ensembl_canonical,MANE_Select,appris_principal_1,CCDS	False	RSRP1|0.87|1.00|0.38|0.01|-11|-1|-167|1748	0.87	1.0	0.38	0.01	-11	-1	-167	1748	1.0	True	-1	.	.	.	.	.	Acceptor_int	4/4	[]	[]	{'strand': '-', 'eStart': 25568740, 'eEnd': 25569196, 'curt_Int': 4, 'curt_IntStart': 25569197, 'curt_IntEnd': 25570040, 'prev_Ex': 4, 'prev_ExStart': 25570041, 'prev_ExEnd': 25570124, 'next_Ex': 5, 'next_ExStart': 25568740, 'next_ExEnd': 25569196}	Intron_variant	False	True	True	False	False	.	10.0	.	.	.	.	870	False	False	Escape_NMD	True	False	False	False	False	True	.	1 25569186 25569196	.	69.85969008	6	0	6	C1orf63|NPD014	NM_020317.5	UNK	25234	620030	0.0
Sample_7692	Sample_7693	Sample_7694	snv	1:27100819-G-A	-0.7911	13.3	0.893523485027523	0.999997	True	.	ARID1A	.	.	.	.	.	.	24.7	5.51	5.51	0.917	0.962	.	.	.	.	.	.	.	.	.	.	.	1	27100819	G	A	ARID1A	ENSG00000117713	ENST00000324856	c.4102-1G>A	.	17/19	splice_acceptor_variant&intron_variant	protein_coding	7692	ARID1A	’m“IáŠQ_Wiedemann_steinerÇŒóŒQ_etc,’m“IáŠQ_Wiedemann_steinerÇŒóŒQ_etc	Identified	1:27100819-G-A	ARID1A	ENST00000324856.13_9	ENSG00000117713.21_14	+	basic,Ensembl_canonical,MANE_Select,CCDS	False	ARID1A|0.93|1.00|0.02|0.03|10|1|1841|-125	0.93	1.0	0.02	0.03	10	1	1841	-125	1.0	True	-1	.	.	.	.	.	Acceptor_int	17/19	[]	['Likely pathogenic_1:27100819']	{'strand': '+', 'eStart': 27100820, 'eEnd': 27101711, 'curt_Int': 17, 'curt_IntStart': 27100390, 'curt_IntEnd': 27100819, 'prev_Ex': 17, 'prev_ExStart': 27100293, 'prev_ExEnd': 27100389, 'next_Ex': 18, 'next_ExStart': 27100820, 'next_ExEnd': 27101711}	Intron_variant	False	True	True	False	True	.	9.0	.	.	125.0	.	6855	False	True	Possibly_NMD	False	False	False	True	False	True	.	1 27100820 27100829	.	18.736098459	7	1	8	B120|BAF250|BAF250a|BM029|C1orf4|CSS2|ELD|hELD|hOSA1|MRD14|OSA1|P270|SMARCF1	NM_006015.6	AD	11110	603024	84.0
Sample_17298	Sample_17301	Sample_17300	snv	1:31742004-C-A	-0.821	7.15	0.742428045672282	0.466938	True	.	SNRNP40	.	.	.	.	.	.	27.8	5.81	5.81	0.871	0.950	.	.	.	.	.	.	.	.	.	.	.	1	31742004	C	A	SNRNP40	ENSG00000060688	ENST00000263694	c.858+1G>T	.	7/9	splice_donor_variant&intron_variant	protein_coding	17298	C2CD3,p.Pro1764Leufs*5	unilateral_frontal_PMG,unilateral_frontal_PMG	Identified	1:31742004-C-A	SNRNP40	ENST00000263694.9_6	ENSG00000060688.13_9	-	basic,Ensembl_canonical,MANE_Select,appris_principal_1,CCDS	False	SNRNP40|0.00|0.97|0.02|0.99|1865|83|2|1	0.0	0.97	0.02	0.99	1865	83	2	1	0.99	True	+1	.	.	.	.	.	Donor_int	7/9	[]	[]	{'strand': '-', 'eStart': 31742005, 'eEnd': 31742087, 'curt_Ex': 7, 'curt_ExStart': 31742005, 'curt_ExEnd': 31742087, 'prev_Ex': 6, 'prev_ExStart': 31744226, 'prev_ExEnd': 31744346, 'next_Ex': 8, 'next_ExStart': 31740718, 'next_ExEnd': 31740779}	Intron_variant	False	False	False	True	False	One exon skipping	.	.	.	.	83.0	1071	False	False	Exonic(Non-Canonical)	False	False	False	False	True	True	1 31742005 31742087	.	98.77501681	.	6	0	6		NM_004814.3	UNK	30857	607797	0.0
Sample_3620	Sample_3621	Sample_3622	snv	1:45977088-T-A	-2.681	0.62	0.867195913502998	.	False	.	PRDX1	.	.	.	.	.	.	26.3	4.86	4.86	0.991	1.000	.	.	.	.	.	.	.	.	.	.	.	1	45977088	T	A	PRDX1	ENSG00000117450	ENST00000319248	c.515-2A>T	.	5/5	splice_acceptor_variant&intron_variant	protein_coding	3620	KCNQ2	EIEE,EIEE	Identified	1:45977088-T-A	PRDX1	ENST00000319248.13_6	ENSG00000117450.15_10	-	basic,Ensembl_canonical,MANE_Select,appris_principal_1,CCDS	True	PRDX1|0.45|1.00|0.01|0.02|-11|-2|-83|1161	0.45	1.0	0.01	0.02	-11	-2	-83	1161	1.0	True	-2	.	.	.	.	.	Acceptor_int	5/5	[]	['Pathogenic_1:45977087']	{'strand': '-', 'eStart': 45976723, 'eEnd': 45977086, 'curt_Int': 5, 'curt_IntStart': 45977087, 'curt_IntEnd': 45980178, 'prev_Ex': 5, 'prev_ExStart': 45980179, 'prev_ExEnd': 45980309, 'next_Ex': 6, 'next_ExStart': 45976723, 'next_ExEnd': 45977086}	Intron_variant	False	True	True	False	True	.	9.0	.	.	1162.0	.	597	False	False	Escape_NMD	False	False	False	True	False	True	.	1 45977077 45977086	.	81.968732138	6	1	7	MSP23|NKEF-A|NKEFA|PAG|PAGA|PAGB|PRX1|PRXI|TDPX2	NM_002574.4	UNK	9352	176763	2.0
Sample_22469	Sample_22470	Sample_22471	snv	1:55524170-A-T	-2.297	.	.	.	True	.	PCSK9	.	.	.	.	.	.	23.6	4.47	4.47	1.062	0.384	.	.	.	.	.	.	.	.	.	.	.	1	55524170	A	T	PCSK9	ENSG00000169174	ENST00000302118	c.1355-2A>T	.	8/11	splice_acceptor_variant&intron_variant	protein_coding	22469	F8	DooseÇŒóŒQ,Doose_syn	Identified	1:55524170-A-T	PCSK9	ENST00000302118.5_3	ENSG00000169174.11_9	+	basic,Ensembl_canonical,MANE_Select,appris_principal_1,CCDS	False	PCSK9|0.85|1.00|0.01|0.01|10|2|-650|-340	0.85	1.0	0.01	0.01	10	2	-650	-340	1.0	True	-2	.	.	.	.	.	Acceptor_int	8/11	[]	[]	{'strand': '+', 'eStart': 55524172, 'eEnd': 55524320, 'curt_Int': 8, 'curt_IntStart': 55523883, 'curt_IntEnd': 55524171, 'prev_Ex': 8, 'prev_ExStart': 55523709, 'prev_ExEnd': 55523882, 'next_Ex': 9, 'next_ExStart': 55524172, 'next_ExEnd': 55524320}	Intron_variant	False	True	True	False	False	.	8.0	.	.	.	.	2076	False	False	Possibly_NMD	True	False	False	False	False	True	.	1 55524172 55524180	.	35.803019401	4	0	4	FH3|FHCL3|HCHOLA3|LDLCQ1|NARC-1|NARC1|PC9	NM_174936.4	AD	20001	607786	99.0
Sample_6459	Sample_6460	Sample_6461	snv	1:6295776-C-T	-1.874	.	.	.	False	.	ICMT	.	.	.	.	.	.	25.5	3.59	3.59	0.853	0.960	.	.	.	.	.	.	.	.	.	.	.	1	6295776	C	T	ICMT	ENSG00000116237	ENST00000343813	c.195+1G>A	.	1/4	splice_donor_variant&intron_variant	protein_coding	6459	GON4L	severe_microcephaly_with_simplified_gyral_pattern_congenital,severe_microcephaly_with_simplified_gyral_pattern_congenital	Identified	1:6295776-C-T	ICMT	ENST00000343813.10_6	ENSG00000116237.16_8	-	basic,Ensembl_canonical,MANE_Select,appris_principal_1,CCDS	False	ICMT|0.02|0.04|0.32|1.00|-1205|-746|-216|1	0.02	0.04	0.32	1.0	-1205	-746	-216	1	1.0	True	+1	.	.	.	.	.	Donor_int	1/4	[]	[]	{'strand': '-', 'eStart': 6295777, 'eEnd': 6296024, 'curt_Ex': 1, 'curt_ExStart': 6295777, 'curt_ExEnd': 6296024, 'prev_Ex': 0, 'prev_ExStart': '1st_Exon', 'prev_ExEnd': '1st_Exon', 'next_Ex': 2, 'next_ExStart': 6294946, 'next_ExEnd': 6295034}	Intron_variant	False	False	False	False	True	.	.	.	.	746.0	.	852	False	False	Exonic(Non-Canonical)	False	False	False	True	False	True	.	.	.	.	5	0	5						
Sample_2313	Sample_2705	Sample_2706	snv	10:101163632-C-T	-0.7454	1.72	0.0716621856387879	.	True	.	GOT1	.	.	.	.	.	.	26.7	5.6	5.6	0.871	0.998	.	.	.	.	.	.	.	.	.	.	.	10	101163632	C	T	GOT1	ENSG00000120053	ENST00000370508	c.643-1G>A	.	5/8	splice_acceptor_variant&intron_variant	protein_coding	2313	RNF213;ABCC9	‚à‚â‚à‚â•a,‚à‚â‚à‚â	Identified	10:101163632-C-T	GOT1	ENST00000370508.7_7	ENSG00000120053.12_9	-	basic,Ensembl_canonical,MANE_Select,appris_principal_1,CCDS	False	GOT1|0.43|0.98|0.02|0.01|-32|-1|49|-151	0.43	0.98	0.02	0.01	-32	-1	49	-151	0.98	True	-1	.	.	.	.	.	Acceptor_int	5/8	[]	[]	{'strand': '-', 'eStart': 101163481, 'eEnd': 101163631, 'curt_Int': 5, 'curt_IntStart': 101163632, 'curt_IntEnd': 101165512, 'prev_Ex': 5, 'prev_ExStart': 101165513, 'prev_ExEnd': 101165617, 'next_Ex': 6, 'next_ExStart': 101163481, 'next_ExEnd': 101163631}	Intron_variant	False	True	True	False	False	.	31.0	.	.	.	.	1239	False	False	Possibly_NMD	True	False	False	False	False	True	.	10 101163600 101163631	.	71.921144105	4	0	4		NM_002079.3	UNK	4432	138180	1.0
Sample_4133	Sample_4136	Sample_4137	snv	10:123274746-A-C	1.25	12.55	0.994134626508592	0.999995	True	.	FGFR2	0.009	D	0.521	P	-2.47	N	24.2	5.83	5.83	1.062	1.000	.	.	.	.	.	.	.	.	.	.	.	10	123274746	A	C	FGFR2	ENSG00000066468	ENST00000358487	c.1172T>G	p.Met391Arg	9/18	missense_variant	protein_coding	4133	FGFR2	Craniosynostosis_with_bone_fragility,Craniosynostosis_with_bone_fragility	Identified	10:123274746-A-C	FGFR2	ENST00000358487.10_9	ENSG00000066468.24_16	-	non_canonical_conserved,basic,Ensembl_canonical,MANE_Select,appris_alternative_2,CCDS	False	FGFR2|0.21|0.10|0.00|0.11|-1|87|-1255|520	0.21	0.1	0.0	0.11	-1	87	-1255	520	0.21	False	Exonic	115:87	115	87	87.0	non_SplExon	Acceptor_ex	9/18	['Pathogenic_10:123274746']	[]	{'strand': '-', 'eStart': 123274631, 'eEnd': 123274833, 'curt_Ex': 9, 'curt_ExStart': 123274631, 'curt_ExEnd': 123274833, 'prev_Ex': 8, 'prev_ExStart': 123276833, 'prev_ExEnd': 123276977, 'next_Ex': 10, 'next_ExStart': 123263304, 'next_ExEnd': 123263455}	43.06930693069307	False	True	True	False	False	.	88.0	.	.	.	.	2463	False	True	Exonic(Non-Canonical)	True	False	False	False	False	True	.	10 123274745 123274833	.	88.876749619	3	2	5		NM_000141.5	AD	3689	176943	143.0
Sample_12172	Sample_12173	Sample_12174	snv	10:16737021-C-T	1.93	13.53	0.96658745073056	0.999998	True	.	RSU1	.	.	.	.	.	.	27.2	5.42	5.42	0.871	0.988	.	.	.	.	.	.	.	.	.	.	.	10	16737021	C	T	RSU1	ENSG00000148484	ENST00000345264	c.731+1G>A	.	8/8	splice_donor_variant&intron_variant	protein_coding	12172	RHOBTB2	‘”­‚Ä‚ñ‚©‚ñEŒJ‚è•Ô‚·‹}«”]Ç,EOEE+‹}«”]Ç	Identified	10:16737021-C-T	RSU1	ENST00000345264.10_6	ENSG00000148484.18_9	-	basic,Ensembl_canonical,MANE_Select,appris_principal_1,CCDS	False	RSU1|0.00|0.85|0.01|1.00|28|133|105|1	0.0	0.85	0.01	1.0	28	133	105	1	1.0	True	+1	.	.	.	.	.	Donor_int	8/8	[]	[]	{'strand': '-', 'eStart': 16737022, 'eEnd': 16737154, 'curt_Ex': 8, 'curt_ExStart': 16737022, 'curt_ExEnd': 16737154, 'prev_Ex': 7, 'prev_ExStart': 16794538, 'prev_ExEnd': 16794652, 'next_Ex': 9, 'next_ExStart': 16632610, 'next_ExEnd': 16635495}	Intron_variant	False	False	False	True	False	One exon skipping	.	.	.	.	133.0	831	False	False	Exonic(Non-Canonical)	False	False	False	False	True	True	10 16737022 16737154	.	74.6056524	.	6	0	6	RSP-1	NM_152724.3	UNK	10464	179555	0.0
Sample_8912	Sample_8915	Sample_8914	snv	10:51761755-G-T	-0.7058	0.52	0.0256502856690387	.	False	.	AGAP6	.	.	.	.	.	.	15.70	1.68	.	0.697	0.464	.	.	.	.	.	.	.	.	.	.	.	10	51761755	G	T	AGAP6	ENSG00000204149	ENST00000412531	c.397-1G>T	.	4/7	splice_acceptor_variant&intron_variant	protein_coding	8912	SLC25A12	‚Ä‚ñ‚©‚ñ_ ’E‘,‚Ä‚ñ‚©‚ñ_’E‘	Identified	10:51761755-G-T	AGAP6	ENST00000412531.7_6	ENSG00000204149.16_12	+	basic,Ensembl_canonical,MANE_Select,appris_principal_2,exp_conf,CCDS	False	AGAP6|0.32|1.00|0.00|0.65|21|1|1454|101	0.32	1.0	0.0	0.65	21	1	1454	101	1.0	True	-1	.	.	.	.	.	Acceptor_int	4/7	[]	[]	{'strand': '+', 'eStart': 51761756, 'eEnd': 51761856, 'curt_Int': 4, 'curt_IntStart': 51754190, 'curt_IntEnd': 51761755, 'prev_Ex': 4, 'prev_ExStart': 51754155, 'prev_ExEnd': 51754189, 'next_Ex': 5, 'next_ExStart': 51761756, 'next_ExEnd': 51761856}	Intron_variant	False	True	True	True	False	One exon skipping	20.0	.	.	.	101.0	2058	False	False	Possibly_NMD	True	False	False	False	True	True	10 51761756 51761856	10 51761756 51761776	.	.	4	0	4	AGAP-6|CTGLF3	NM_001077665.2	UNK	23466		0.0
Sample_13759	Sample_13760	Sample_13761	snv	11:119228466-C-T	-0.7534	13.62	0.990884691327146	0.999998	True	.	USP2	.	.	.	.	.	.	29.1	5.75	5.75	0.871	1.000	3.306e-05	0	0.0003	0	0	0	0	0	.	.	.	11	119228466	C	T	USP2	ENSG00000036672	ENST00000260187	c.1501+1G>A	.	10/12	splice_donor_variant&intron_variant	protein_coding	13759	MBD5	Gloval_Developmental_delay,Gloval_Developmental_delay	Identified	11:119228466-C-T	USP2	ENST00000260187.7_8	ENSG00000036672.16_11	-	basic,Ensembl_canonical,MANE_Select,CCDS	False	USP2|0.00|0.04|0.01|0.29|521|105|8|1	0.0	0.04	0.01	0.29	521	105	8	1	0.29	True	+1	.	.	.	.	.	Donor_int	10/12	[]	[]	{'strand': '-', 'eStart': 119228467, 'eEnd': 119228545, 'curt_Ex': 10, 'curt_ExStart': 119228467, 'curt_ExEnd': 119228545, 'prev_Ex': 9, 'prev_ExStart': 119228691, 'prev_ExEnd': 119228771, 'next_Ex': 11, 'next_ExStart': 119228193, 'next_ExEnd': 119228300}	Intron_variant	False	False	False	False	False	.	.	.	.	.	.	1815	False	False	Exonic(Non-Canonical)	False	False	False	False	False	False	.	.	.	.	5	0	5	UBP41|USP9	NM_004205.5	UNK	12618	604725	0.0
Sample_5671	Sample_6937	Sample_6938	snv	11:32705121-C-A	-0.9817	.	.	.	False	.	CCDC73	.	.	.	.	.	.	25.9	5.76	5.76	0.871	1.000	8.697e-06	0	8.917e-05	0	0	0	0	0	.	.	.	11	32705121	C	A	CCDC73	ENSG00000186714	ENST00000335185	c.391-1G>T	.	6/17	splice_acceptor_variant&intron_variant	protein_coding	5671	VAMP2	EOEE_unclassified,EOEE_unclassified	Identified	11:32705121-C-A	CCDC73	ENST00000335185.10_8	ENSG00000186714.13_10	-	basic,Ensembl_canonical,MANE_Select,appris_principal_1,CCDS	False	CCDC73|0.06|0.80|0.00|0.87|-22|-1|-2003|-39	0.06	0.8	0.0	0.87	-22	-1	-2003	-39	0.87	True	-1	.	.	.	.	.	Acceptor_int	6/17	[]	[]	{'strand': '-', 'eStart': 32705082, 'eEnd': 32705120, 'curt_Int': 6, 'curt_IntStart': 32705121, 'curt_IntEnd': 32720796, 'prev_Ex': 6, 'prev_ExStart': 32720797, 'prev_ExEnd': 32720871, 'next_Ex': 7, 'next_ExStart': 32705082, 'next_ExEnd': 32705120}	Intron_variant	False	False	False	True	False	One exon skipping	.	.	.	.	39.0	3237	False	False	Possibly_NMD	False	False	False	False	False	False	11 32705082 32705120	.	67.445145554	.	6	0	6	NY-SAR-79	NM_001008391.3	UNK	23261	612328	0.0
Sample_19218	Sample_19219	Sample_19220	snv	11:57365796-T-G	-102.7	6.82	0.0030779287247693	0.284747	True	.	SERPING1	.	.	.	.	.	.	25.6	4.8	4.8	0.899	0.956	.	.	.	.	.	.	.	.	.	.	.	11	57365796	T	G	SERPING1	ENSG00000149131	ENST00000278407	c.51+2T>G	.	2/7	splice_donor_variant&intron_variant	protein_coding	19218	NHLRC1	West syn,West_syn	Identified	11:57365796-T-G	SERPING1	ENST00000278407.9_5	ENSG00000149131.17_11	+	basic,Ensembl_canonical,MANE_Select,appris_principal_2,CCDS	False	SERPING1|0.00|0.78|0.16|0.98|1495|-74|585|-2	0.0	0.78	0.16	0.98	1495	-74	585	-2	0.98	True	+2	.	.	.	.	.	Donor_int	2/7	[]	['Pathogenic_11:57365795', 'Pathogenic_11:57365797', 'Likely pathogenic_11:57365799']	{'strand': '+', 'eStart': 57365722, 'eEnd': 57365794, 'curt_Int': 2, 'curt_IntStart': 57365795, 'curt_IntEnd': 57367351, 'prev_Ex': 2, 'prev_ExStart': 57365722, 'prev_ExEnd': 57365794, 'next_Ex': 3, 'next_ExStart': 57367352, 'next_ExEnd': 57367850}	Intron_variant	False	False	False	True	False	One exon skipping	.	.	.	.	73.0	1500	False	True	Possibly_NMD	False	False	False	False	True	True	11 57365722 57365794	.	52.92679078	.	7	1	8	C1IN|C1INH|C1NH|HAE1|HAE2	NM_000062.3	AD	1228	606860	641.0
Sample_17825	Sample_17827	Sample_17826	snv	12:100536369-C-G	-0.3912	14.52	0.993169174988256	1.0	True	.	UHRF1BP1L	.	.	.	.	.	.	26.1	5.19	5.19	0.806	0.992	.	.	.	.	.	.	.	.	.	.	.	12	100536369	C	G	UHRF1BP1L	ENSG00000111647	ENST00000279907	c.44+1G>C	.	1/20	splice_donor_variant&intron_variant	protein_coding	17825	TBCID24,TBC1D24	Early_infantile_epileptic_encephalopathy,EIEE	Identified	12:100536369-C-G	BLTP3B	ENST00000279907.12_12	ENSG00000111647.13_16	-	basic,Ensembl_canonical,MANE_Select,appris_principal_1,CCDS	False	UHRF1BP1L|0.01|0.00|0.68|1.00|-220|-386|-3|1	0.01	0.0	0.68	1.0	-220	-386	-3	1	1.0	True	+1	.	.	.	.	.	Donor_int	1/20	[]	[]	{'strand': '-', 'eStart': 100536370, 'eEnd': 100536652, 'curt_Ex': 1, 'curt_ExStart': 100536370, 'curt_ExEnd': 100536652, 'prev_Ex': 0, 'prev_ExStart': '1st_Exon', 'prev_ExEnd': '1st_Exon', 'next_Ex': 2, 'next_ExStart': 100502164, 'next_ExEnd': 100502326}	Intron_variant	False	False	False	False	False	.	.	.	.	.	.	4392	False	False	Exonic(Non-Canonical)	False	False	False	False	False	False	.	.	.	.	5	0	5		NM_015054.2	UNK	29102		0.0
Sample_16941	Sample_16943	Sample_16942	snv	12:104380725-G-A	-5.031	8.71	0.0018893763734195	0.886982	False	.	TDG	.	.	.	.	.	.	22.1	4.6	4.6	0.069	0.006	.	.	.	.	.	.	.	.	.	.	.	12	104380725	G	A	TDG	ENSG00000139372	ENST00000392872	c.1091-1G>A	.	9/9	splice_acceptor_variant&intron_variant	protein_coding	16941	CNV	¬“ªÇ,¬“ªÇ	Identified	12:104380725-G-A	TDG	ENST00000392872.8_8	ENSG00000139372.15_13	+	basic,Ensembl_canonical,MANE_Select,appris_principal_1,CCDS	False	TDG|0.41|0.99|0.00|0.07|6|1|-482|-1219	0.41	0.99	0.0	0.07	6	1	-482	-1219	0.99	True	-1	.	.	.	.	.	Acceptor_int	9/9	[]	[]	{'strand': '+', 'eStart': 104380726, 'eEnd': 104382652, 'curt_Int': 9, 'curt_IntStart': 104379507, 'curt_IntEnd': 104380725, 'prev_Ex': 9, 'prev_ExStart': 104379381, 'prev_ExEnd': 104379506, 'next_Ex': 10, 'next_ExStart': 104380726, 'next_ExEnd': 104382652}	Intron_variant	False	True	True	False	True	.	5.0	.	.	1219.0	.	1230	False	False	Escape_NMD	True	False	False	True	False	True	.	12 104380726 104380731	.	.	5	0	5	hTDG	NM_003211.6	UNK	11700	601423	0.0
Sample_9429	Sample_9430	Sample_9431	snv	12:6121251-A-G	-1.643	15.12	0.990042793155523	1.0	False	.	VWF	.	.	.	.	.	.	24.9	5.13	5.13	1.062	0.874	.	.	.	.	.	.	.	.	.	.	.	12	6121251	A	G	VWF	ENSG00000110799	ENST00000261405	c.5664+2T>C	.	33/51	splice_donor_variant&intron_variant	protein_coding	9429	PPP2R5D	Ž©•ÂÇ_’m“IáŠQ_‰^“®”­’B’x‰„,Ž©•ÂÇ	Identified	12:6121251-A-G	VWF	ENST00000261405.10_5	ENSG00000110799.14_7	-	basic,Ensembl_canonical,MANE_Select,appris_principal_1,CCDS	False	VWF|0.00|0.48|0.56|0.96|378|45|-30|2	0.0	0.48	0.56	0.96	378	45	-30	2	0.96	True	+2	.	.	.	.	.	Donor_int	33/51	[]	[]	{'strand': '-', 'eStart': 6121253, 'eEnd': 6121296, 'curt_Int': 33, 'curt_IntStart': 6120961, 'curt_IntEnd': 6121252, 'prev_Ex': 33, 'prev_ExStart': 6121253, 'prev_ExEnd': 6121296, 'next_Ex': 34, 'next_ExStart': 6120783, 'next_ExEnd': 6120960}	Intron_variant	False	False	False	True	False	One exon skipping	.	.	.	.	44.0	8439	False	True	Possibly_NMD	False	False	False	False	True	True	12 6121253 6121296	.	.	.	7	0	7	F8VWF|VWD	NM_000552.5	ADAR	12726	613160	1015.0
Sample_23636	Sample_23937	Sample_23938	snv	12:88482991-G-A	-0.3339	13.23	0.518127286793278	0.999996	True	.	CEP290	.	.	.	.	.	.	39	5.68	5.68	0.917	0.991	.	.	.	.	.	.	.	.	.	.	.	12	88482991	G	A	CEP290	ENSG00000198707	ENST00000552810	c.3847C>T	p.Gln1283*	31/54	stop_gained	protein_coding	23636	SV	‘å“ªÇ_‹‘å”]‘…_’m“IáŠQ,‘å“ªÇ_‹‘å”]‘…	Identified	12:88482991-G-A	CEP290	ENST00000552810.6_7	ENSG00000198707.17_16	-	basic,Ensembl_canonical,MANE_Select,appris_principal_2,CCDS	False	CEP290|0.00|0.01|0.21|0.00|1250|267|192|-182	0.0	0.01	0.21	0.0	1250	267	192	-182	0.21	False	Exonic	182:273	182	273	182.0	non_SplExon	Donor_ex	31/54	['Pathogenic/Likely pathogenic_12:88482991']	[]	{'strand': '-', 'eStart': 88482809, 'eEnd': 88483264, 'curt_Ex': 31, 'curt_ExStart': 88482809, 'curt_ExEnd': 88483264, 'prev_Ex': 30, 'prev_ExStart': 88484505, 'prev_ExEnd': 88484616, 'next_Ex': 32, 'next_ExStart': 88481557, 'next_ExEnd': 88481721}	60.0	False	False	False	False	False	.	.	.	.	.	.	7437	False	True	Exonic(Non-Canonical)	False	False	False	False	False	False	.	.	.	.	3	2	5	3H11Ag|BBS14|CT87|JBTS5|LCA10|MKS4|NPHP6|POC3|rd16|SLSN6	NM_025114.4	AR	29021	610142	422.0
Sample_15807	Sample_15808	Sample_15809	snv	13:101944423-A-G	-0.2643	15.12	0.994016057126645	1.0	True	.	NALCN	1.0	T	0.026	B	2.01	N	13.06	6.16	6.16	1.062	1.000	.	.	.	.	.	.	.	.	.	.	.	13	101944423	A	G	NALCN	ENSG00000102452	ENST00000251127	c.965T>C	p.Ile322Thr	9/44	missense_variant	protein_coding	15807	NALCN	’m“IáŠQ_Ž©•ÂÇ_”]”gˆÙí(öÝ«‚Ä‚ñ‚©‚ñ),’m“IáŠQ_Ž©•ÂÇ	Identified	13:101944423-A-G	NALCN	ENST00000251127.11_6	ENSG00000102452.18_9	-	basic,Ensembl_canonical,MANE_Select,appris_principal_1,CCDS	False	NALCN|0.04|0.25|0.00|0.00|22|-15|-82|1099	0.04	0.25	0.0	0.0	22	-15	-82	1099	0.25	False	Exonic	82:22	82	22	22.0	non_SplExon	Acceptor_ex	9/44	['Pathogenic/Likely pathogenic_13:101944423']	['Likely pathogenic_13:101944446']	{'strand': '-', 'eStart': 101944341, 'eEnd': 101944445, 'curt_Ex': 9, 'curt_ExStart': 101944341, 'curt_ExEnd': 101944445, 'prev_Ex': 8, 'prev_ExStart': 101944575, 'prev_ExEnd': 101944717, 'next_Ex': 10, 'next_ExStart': 101936284, 'next_ExEnd': 101936370}	21.153846153846153	False	False	False	False	False	.	.	.	.	.	.	5214	False	True	Exonic(Non-Canonical)	False	False	False	False	False	False	.	.	.	.	3	2	5	bA430M15.1|CanIon|CLIFAHDD|IHPRF|IHPRF1|INNFD|VGCNL1	NM_052867.4	ADAR	19082	611549	76.0
Sample_6478	Sample_6476	Sample_6477	snv	13:78130054-G-A	-3.166	9.02	0.0409263398821028	0.940648	True	.	SCEL	.	.	.	.	.	.	24.4	4.93	4.93	0.917	0.996	1.651e-05	0	0	0	0	3.003e-05	0	0	.	.	.	13	78130054	G	A	SCEL	ENSG00000136155	ENST00000349847	c.43+1G>A	.	2/32	splice_donor_variant&intron_variant	protein_coding	6478	CNV_ARID1B	CSS,CSS	Identified	13:78130054-G-A	SCEL	ENST00000349847.4_6	ENSG00000136155.17_9	+	basic,Ensembl_canonical,MANE_Select,appris_principal_2,CCDS	False	SCEL|0.00|0.74|0.06|0.98|-394|-62|4|-1	0.0	0.74	0.06	0.98	-394	-62	4	-1	0.98	True	+1	.	.	.	.	.	Donor_int	2/32	[]	[]	{'strand': '+', 'eStart': 78129992, 'eEnd': 78130053, 'curt_Ex': 2, 'curt_ExStart': 78129992, 'curt_ExEnd': 78130053, 'prev_Ex': 1, 'prev_ExStart': 78109841, 'prev_ExEnd': 78109959, 'next_Ex': 3, 'next_ExStart': 78130731, 'next_ExEnd': 78130848}	Intron_variant	False	False	False	True	False	One exon skipping	.	.	.	.	62.0	2064	False	False	Exonic(Non-Canonical)	False	False	False	False	True	True	13 78129992 78130053	.	29.481930832	.	6	0	6		NM_144777.3	UNK	10573	604112	0.0
Sample_10416	Sample_10417	Sample_10418	snv	15:42691848-C-T	-0.4266	.	.	.	False	.	CAPN3	0.546	T	1.0	D	-6.25	D	26.7	5.37	5.37	0.871	0.995	.	.	.	.	.	.	.	.	.	.	.	15	42691848	C	T	CAPN3	ENSG00000092529	ENST00000397163	c.1352C>T	p.Pro451Leu	10/24	missense_variant&splice_region_variant	protein_coding	10416	RHOBTB2	MPSI‹^‚¢,MPSI‹^‚¢	Identified	15:42691848-C-T	CAPN3	ENST00000397163.8_9	ENSG00000092529.25_16	+	basic,Ensembl_canonical,MANE_Select,appris_principal_1,CCDS	False	CAPN3|0.00|0.02|0.41|0.02|-683|82|-38|2	0.0	0.02	0.41	0.02	-683	82	-38	2	0.41	False	Exonic	2:158	2	158	2.0	ex_donor_site	Donor_ex	10/24	[]	['Likely pathogenic_15:42691851']	{'strand': '+', 'eStart': 42691690, 'eEnd': 42691850, 'curt_Ex': 10, 'curt_ExStart': 42691690, 'curt_ExEnd': 42691850, 'prev_Ex': 9, 'prev_ExStart': 42688998, 'prev_ExEnd': 42689075, 'next_Ex': 11, 'next_ExStart': 42693839, 'next_ExEnd': 42694008}	1.25	False	False	False	False	False	.	.	.	.	.	.	2463	False	True	Exonic(Non-Canonical)	False	False	False	False	False	False	.	.	.	.	3	1	4	CANP3|CANPL3|LGMD2|LGMD2A|LGMDD4|LGMDR1|nCL-1|p94	NM_000070.3	AR	1480	114240	654.0
Sample_13061	Sample_13062	Sample_13063	snv	15:83330664-G-A	-2.062	9.42	0.997077927075411	0.976425	True	.	AP3B2	.	.	.	.	.	.	48	5.7	5.7	0.917	0.999	.	.	.	.	.	.	.	.	.	.	.	15	83330664	G	A	AP3B2	ENSG00000103723	ENST00000535359	c.2929C>T	p.Arg977*	25/27	stop_gained	protein_coding	13061	AP3B2	West syn,West_syn	Identified	15:83330664-G-A	AP3B2	ENST00000535359.6_11	ENSG00000103723.17_18	-	basic,Ensembl_canonical,MANE_Select,CCDS	False	AP3B2|0.36|0.01|0.03|0.00|-24|-1838|-1430|1752	0.36	0.01	0.03	0.0	-24	-1838	-1430	1752	0.36	False	Exonic	87:10	87	10	10.0	non_SplExon	Acceptor_ex	25/27	['Pathogenic_15:83330664']	[]	{'strand': '-', 'eStart': 83330577, 'eEnd': 83330674, 'curt_Ex': 25, 'curt_ExStart': 83330577, 'curt_ExEnd': 83330674, 'prev_Ex': 24, 'prev_ExStart': 83330920, 'prev_ExEnd': 83331004, 'next_Ex': 26, 'next_ExStart': 83328597, 'next_ExEnd': 83328735}	10.309278350515463	False	True	True	False	False	.	34.0	.	.	.	.	3303	False	True	Exonic(Non-Canonical)	True	False	False	False	False	True	.	15 83330640 83330674	.	59.627161239	3	2	5	DEE48|EIEE48|NAPTB	NM_004644.5	UNK	567	602166	16.0
Sample_7210	Sample_7212	Sample_7213	snv	16:2070314-G-A	-1.577	0.72	0.0107692118578286	.	True	.	NPW	.	.	.	.	.	.	22.6	2.52	2.52	0.917	0.016	.	.	.	.	.	.	.	.	.	.	.	16	2070314	G	A	NPW	ENSG00000183971	ENST00000566435	c.255+1G>A	.	1/1	splice_donor_variant&intron_variant	protein_coding	7210	PIGN	¬”]ˆÞk,¬”]ˆÞk	Identified	16:2070314-G-A	NPW	ENST00000566435.4_7	ENSG00000183971.10_13	+	non_ATG_start,basic,Ensembl_canonical,MANE_Select,appris_principal_1,CCDS	False	NPW|0.07|0.19|0.50|0.96|-161|222|3|-1	0.07	0.19	0.5	0.96	-161	222	3	-1	0.96	True	+1	.	.	.	.	.	Donor_int	1/1	[]	[]	{'strand': '+', 'eStart': 2069786, 'eEnd': 2070313, 'curt_Ex': 1, 'curt_ExStart': 2069786, 'curt_ExEnd': 2070313, 'prev_Ex': 0, 'prev_ExStart': '1st_Exon', 'prev_ExEnd': '1st_Exon', 'next_Ex': 2, 'next_ExStart': 2070534, 'next_ExEnd': 2070756}	Intron_variant	False	False	False	False	True	.	.	.	.	222.0	.	495	False	False	Exonic(Non-Canonical)	False	False	False	False	False	False	.	.	.	.	5	0	5		NM_001099456.3	UNK	30509	607997	0.0
Sample_24120	Sample_24121	Sample_24122	snv	16:2126142-C-T	1.56	15.12	0.986246393831602	1.0	True	confirmed	TSC2	0.0	D	0.999	D	-7.16	D	34	4.11	4.11	0.871	0.997	.	.	.	.	.	.	.	.	.	.	.	16	2126142	C	T	TSC2	ENSG00000103197	ENST00000219476	c.2713C>T	p.Arg905Trp	24/42	missense_variant	protein_coding	24120	TSC2,TSC2	Œ‹ß«d‰»Ç_ÇŒó«‚Ä‚ñ‚©‚ñ_¶LSA—Ìˆæ‚Ì”][Ç‚È‚Ç,ÇŒó«“ïŽ¡«‚Ä‚ñ‚©‚ñ	Identified	16:2126142-C-T	TSC2	ENST00000219476.9_8	ENSG00000103197.18_12	+	upstream_ATG,basic,Ensembl_canonical,MANE_Select,CCDS	False	TSC2|0.00|0.15|0.00|0.17|350|-73|1585|29	0.0	0.15	0.0	0.17	350	-73	1585	29	0.17	False	Exonic	29:73	29	73	29.0	non_SplExon	Donor_ex	24/42	['Pathogenic_16:2126142']	['Pathogenic_16:2126117', 'Pathogenic_16:2126119']	{'strand': '+', 'eStart': 2126069, 'eEnd': 2126171, 'curt_Ex': 24, 'curt_ExStart': 2126069, 'curt_ExEnd': 2126171, 'prev_Ex': 23, 'prev_ExStart': 2125800, 'prev_ExEnd': 2125893, 'next_Ex': 25, 'next_ExStart': 2126492, 'next_ExEnd': 2126586}	28.431372549019606	False	False	False	False	False	.	.	.	.	.	.	5421	False	True	Exonic(Non-Canonical)	False	False	False	False	False	False	.	.	.	.	2	2	4		NM_000548.5	AD	12363	191092	1665.0
Sample_9514	Sample_9515	Sample_9516	snv	16:2510173-T-C	-3.893	.	.	.	False	.	TEDC2	.	.	.	.	.	.	23.5	4.43	4.43	0.991	0.317	.	.	.	.	.	.	.	.	.	.	.	16	2510173	T	C	C16orf59	ENSG00000162062	ENST00000361837	c.26+2T>C	.	1/9	splice_donor_variant&intron_variant	protein_coding	9514	CNV	EE Microcephaly,EE_Microcephaly	Identified	16:2510173-T-C	TEDC2	ENST00000361837.9_4	ENSG00000162062.15_11	+	basic,Ensembl_canonical,MANE_Select,appris_principal_1,CCDS	False	C16orf59|0.00|0.80|0.03|0.98|1512|111|97|-2	0.0	0.8	0.03	0.98	1512	111	97	-2	0.98	True	+2	.	.	.	.	.	Donor_int	1/9	[]	[]	{'strand': '+', 'eStart': 2510110, 'eEnd': 2510171, 'curt_Int': 1, 'curt_IntStart': 2510172, 'curt_IntEnd': 2510283, 'prev_Ex': 1, 'prev_ExStart': 2510110, 'prev_ExEnd': 2510171, 'next_Ex': 2, 'next_ExStart': 2510284, 'next_ExEnd': 2510382}	Intron_variant	False	False	False	False	True	.	.	.	.	112.0	.	1299	False	False	Possibly_NMD	False	False	False	True	False	True	.	.	.	.	4	0	4	C16orf59	NM_025108.3	UNK	25849		0.0
Sample_9895	Sample_9896	Sample_9897	snv	16:28602093-G-A	1.72	13.3	0.979683359447833	0.999997	True	.	SGF29	.	.	.	.	.	.	26.1	5.26	5.26	0.917	0.997	.	.	.	.	.	.	.	.	.	.	.	16	28602093	G	A	CCDC101	ENSG00000176476	ENST00000317058	c.603-1G>A	.	8/9	splice_acceptor_variant&intron_variant	protein_coding	9895	NR2F1	West syn,West_syn	Identified	16:28602093-G-A	SGF29	ENST00000317058.8_3	ENSG00000176476.9_6	+	basic,Ensembl_canonical,MANE_Select,appris_principal_1,CCDS	False	SGF29|0.77|1.00|0.01|0.27|2|1|-765|-106	0.77	1.0	0.01	0.27	2	1	-765	-106	1.0	True	-1	.	.	.	.	.	Acceptor_int	8/9	[]	[]	{'strand': '+', 'eStart': 28602094, 'eEnd': 28602256, 'curt_Int': 8, 'curt_IntStart': 28601988, 'curt_IntEnd': 28602093, 'prev_Ex': 8, 'prev_ExStart': 28601952, 'prev_ExEnd': 28601987, 'next_Ex': 9, 'next_ExStart': 28602094, 'next_ExEnd': 28602256}	Intron_variant	False	True	True	False	True	.	1.0	.	.	106.0	.	879	False	False	Possibly_NMD	True	False	False	True	False	True	.	16 28602094 28602095	.	95.492270973	4	0	4	CCDC101|STAF36|TDRD29	NM_138414.3	UNK	25156	613374	0.0
Sample_8843	Sample_10542	Sample_10543	snv	16:3790400-C-T	-0.5637	11.52	0.958780900742878	0.999806	True	.	CREBBP	0.022	D	0.173	B	-3.57	D	28.2	5.26	5.26	0.871	0.972	.	.	.	.	.	.	.	.	.	.	.	16	3790400	C	T	CREBBP	ENSG00000005339	ENST00000262367	c.4133G>A	p.Arg1378Gln	24/31	missense_variant&splice_region_variant	protein_coding	8843	CREBBP	Coffin-Siris,Coffin-Siris	Identified	16:3790400-C-T	CREBBP	ENST00000262367.10_6	ENSG00000005339.15_16	-	basic,Ensembl_canonical,MANE_Select,appris_principal_1,CCDS	False	CREBBP|0.00|0.10|0.30|0.35|-24|150|23|0	0.0	0.1	0.3	0.35	-24	150	23	0	0.35	False	Exonic	0:150	0	150	0.0	ex_donor_site	Donor_ex	24/31	['Pathogenic_16:3790400']	['Pathogenic_16:3790399', 'Likely pathogenic_16:3790400', 'Pathogenic_16:3790400']	{'strand': '-', 'eStart': 3790400, 'eEnd': 3790550, 'curt_Ex': 24, 'curt_ExStart': 3790400, 'curt_ExEnd': 3790550, 'prev_Ex': 23, 'prev_ExStart': 3794895, 'prev_ExEnd': 3794962, 'next_Ex': 25, 'next_ExStart': 3789579, 'next_ExEnd': 3789725}	100.0	False	False	False	True	False	One exon skipping	.	.	.	.	151.0	7326	False	True	Exonic(Non-Canonical)	False	False	False	False	True	True	16 3790400 3790550	.	95.878098689	.	3	2	5		NM_004380.3	AD	2348	600140	575.0
Sample_15739	Sample_15740	Sample_15741	snv	16:55893458-C-T	-0.8993	.	.	.	False	.	CES5A	.	.	.	.	.	.	25.0	5.23	5.23	0.871	0.056	1.667e-05	0	0	0.0002	0	0	0	0	.	.	.	16	55893458	C	T	CES5A	ENSG00000159398	ENST00000290567	c.1056+1G>A	.	8/12	splice_donor_variant&intron_variant	protein_coding	15739	PPP2R5D	myopathy_intellectual_disability,Myopathy_MR	Identified	16:55893458-C-T	CES5A	ENST00000290567.14_9	ENSG00000159398.16_11	-	basic,Ensembl_canonical,MANE_Select,appris_principal_2,CCDS	False	CES5A|0.02|0.07|0.69|0.96|83|-3104|-89|1	0.02	0.07	0.69	0.96	83	-3104	-89	1	0.96	True	+1	.	.	.	.	.	Donor_int	8/12	[]	[]	{'strand': '-', 'eStart': 55893459, 'eEnd': 55893599, 'curt_Ex': 8, 'curt_ExStart': 55893459, 'curt_ExEnd': 55893599, 'prev_Ex': 7, 'prev_ExStart': 55895324, 'prev_ExEnd': 55895428, 'next_Ex': 9, 'next_ExStart': 55890289, 'next_ExEnd': 55890357}	Intron_variant	False	False	False	False	True	.	.	.	.	3104.0	.	1725	False	False	Exonic(Non-Canonical)	False	False	False	True	False	True	.	.	.	.	5	0	5		NM_145024.3	UNK	26459	618678	0.0
Sample_12102	Sample_15785	Sample_13780	snv	17:10553690-C-T	-0.0798	15.12	0.969102550673836	1.0	True	.	MYH3	.	.	.	.	.	.	26.4	4.16	4.16	0.871	0.996	.	.	.	.	.	.	.	.	.	.	.	17	10553690	C	T	MYH3	ENSG00000109063	ENST00000583535	c.533+1G>A	.	6/40	splice_donor_variant&intron_variant	protein_coding	12102	IL7	WestÇŒóŒQ,WestÇŒóŒQ	Identified	17:10553690-C-T	MYH3	ENST00000583535.6_6	ENSG00000109063.15_8	-	basic,Ensembl_canonical,MANE_Select,appris_principal_1,CCDS	False	MYH3|0.00|0.89|0.00|0.99|934|28|-197|1	0.0	0.89	0.0	0.99	934	28	-197	1	0.99	True	+1	.	.	.	.	.	Donor_int	6/40	[]	['Pathogenic_17:10553691']	{'strand': '-', 'eStart': 10553691, 'eEnd': 10553718, 'curt_Ex': 6, 'curt_ExStart': 10553691, 'curt_ExEnd': 10553718, 'prev_Ex': 5, 'prev_ExStart': 10554829, 'prev_ExEnd': 10554985, 'next_Ex': 7, 'next_ExStart': 10552894, 'next_ExEnd': 10553002}	Intron_variant	False	False	False	True	False	One exon skipping	.	.	.	.	28.0	5820	False	True	Exonic(Non-Canonical)	False	False	False	False	True	True	17 10553691 10553718	.	54.938639654	.	6	1	7	CPSFS1A|CPSFS1B|CPSKF1A|CPSKF1B|DA2A|DA2B|DA2B3|DA8|HEMHC|MYHC-EMB|MYHSE1|SMHCE	NM_002470.4	AD	7573	160720	75.0
Sample_9263	Sample_9264	Sample_9265	snv	17:29592358-G-T	-0.3092	12.55	0.953244646304205	0.999995	False	confirmed	NF1	.	.	.	.	.	.	26.3	6.16	6.16	0.917	1.000	.	.	.	.	.	.	.	.	.	.	.	17	29592358	G	T	NF1	ENSG00000196712	ENST00000358273	c.4835+1G>T	.	36/57	splice_donor_variant&intron_variant	protein_coding	9263	MAGEL2;NF1	WEST,WEST	Identified	17:29592358-G-T	NF1	ENST00000358273.9_9	ENSG00000196712.20_14	+	basic,Ensembl_canonical,MANE_Select,appris_principal_1,CCDS	False	NF1|0.01|0.34|0.56|0.99|50|-111|-70|-1	0.01	0.34	0.56	0.99	50	-111	-70	-1	0.99	True	+1	.	.	.	.	.	Donor_int	36/57	['Pathogenic/Likely pathogenic_17:29592358']	['Likely pathogenic_17:29592356', 'Pathogenic_17:29592358', 'Pathogenic_17:29592358', 'Pathogenic/Likely pathogenic_17:29592358', 'Pathogenic_17:29592359', 'Pathogenic_17:29592359', 'Pathogenic_17:29592359']	{'strand': '+', 'eStart': 29592247, 'eEnd': 29592357, 'curt_Ex': 36, 'curt_ExStart': 29592247, 'curt_ExEnd': 29592357, 'prev_Ex': 35, 'prev_ExStart': 29588729, 'prev_ExEnd': 29588875, 'next_Ex': 37, 'next_ExStart': 29652838, 'next_ExEnd': 29653270}	Intron_variant	False	False	False	True	False	One exon skipping	.	.	.	.	111.0	8517	False	True	Exonic(Non-Canonical)	False	False	False	False	False	False	17 29592247 29592357	.	.	.	5	2	7	NFNS|VRNF|WSS	NM_000267.3	AD	7765	613113	3808.0
Sample_6166	Sample_6167	Sample_6168	snv	17:7097312-G-A	-1.547	15.12	0.944282019727296	1.0	True	.	DLG4	.	.	.	.	.	.	42	3.96	3.96	0.917	0.996	.	.	.	.	.	.	.	.	.	.	.	17	7097312	G	A	DLG4	ENSG00000132535	ENST00000399506	c.1486C>T	p.Arg496*	13/20	stop_gained	protein_coding	6166	SMC1A	Coffin-Siris_syndrome‹^‚¢,Coffin-Siris_syndrome‹^‚¢	Identified	17:7097312-G-A	DLG4	ENST00000399506.9_12	ENSG00000132535.22_16	-	CAGE_supported_TSS,non_canonical_conserved,basic,Ensembl_canonical,MANE_Select,appris_alternative_1,CCDS	False	DLG4|0.01|0.06|0.00|0.17|-216|7|263|-29	0.01	0.06	0.0	0.17	-216	7	263	-29	0.17	False	Exonic	29:7	29	7	7.0	non_SplExon	Acceptor_ex	13/20	['Pathogenic/Likely pathogenic_17:7097312']	[]	{'strand': '-', 'eStart': 7097283, 'eEnd': 7097319, 'curt_Ex': 13, 'curt_ExStart': 7097283, 'curt_ExEnd': 7097319, 'prev_Ex': 12, 'prev_ExStart': 7097638, 'prev_ExEnd': 7097814, 'next_Ex': 14, 'next_ExStart': 7097163, 'next_ExEnd': 7097190}	19.444444444444446	False	False	False	False	False	.	.	.	.	.	.	2172	False	True	Exonic(Non-Canonical)	False	False	False	False	False	False	.	.	.	.	2	2	4		NM_001365.4	UNK	2903	602887	42.0
Sample_6459	Sample_6460	Sample_6461	snv	17:78084513-T-C	-0.857	.	.	.	False	.	GAA	.	.	.	.	.	.	.	.	4.92	.	.	.	.	.	.	.	.	.	.	.	.	.	17	78084513	T	C	GAA	ENSG00000171298	ENST00000302262	c.1438-13T>C	.	9/19	intron_variant	protein_coding	6459	GON4L	severe_microcephaly_with_simplified_gyral_pattern_congenital,severe_microcephaly_with_simplified_gyral_pattern_congenital	Identified	17:78084513-T-C	GAA	ENST00000302262.8_3	ENSG00000171298.13_8	+	alternative_5_UTR,basic,Ensembl_canonical,MANE_Select,appris_principal_1,CCDS	False	GAA|0.21|0.03|0.00|0.02|59|13|631|126	0.21	0.03	0.0	0.02	59	13	631	126	0.21	False	-13	.	.	.	.	.	Acceptor_int	9/19	[]	['Pathogenic_17:78084524', 'Pathogenic_17:78084524', 'Pathogenic/Likely pathogenic_17:78084525', 'Pathogenic_17:78084525']	{'strand': '+', 'eStart': 78084526, 'eEnd': 78084639, 'curt_Int': 9, 'curt_IntStart': 78083855, 'curt_IntEnd': 78084525, 'prev_Ex': 9, 'prev_ExStart': 78083744, 'prev_ExEnd': 78083854, 'next_Ex': 10, 'next_ExStart': 78084526, 'next_ExEnd': 78084639}	Intron_variant	False	True	True	False	False	.	46.0	.	.	.	.	2856	False	True	Possibly_NMD	True	False	False	False	False	True	.	17 78084526 78084572	.	74.120032172	3	1	4		NM_000152.5	AR	4065	606800	757.0
Sample_4133	Sample_4136	Sample_4137	snv	19:1036246-G-A	-1.931	1.62	8.60711778152811e-05	.	False	.	CNN2	.	.	.	.	.	.	24.5	4.59	4.59	0.866	0.949	.	.	.	.	.	.	.	.	.	.	.	19	1036246	G	A	CNN2	ENSG00000064666	ENST00000263097	c.507+1G>A	.	5/6	splice_donor_variant&intron_variant	protein_coding	4133	FGFR2	Craniosynostosis_with_bone_fragility,Craniosynostosis_with_bone_fragility	Identified	19:1036246-G-A	CNN2	ENST00000263097.9_4	ENSG00000064666.15_13	+	CAGE_supported_TSS,basic,Ensembl_canonical,MANE_Select,appris_principal_1,CCDS	False	CNN2|0.00|0.22|0.65|0.99|-3423|-180|-20|-1	0.0	0.22	0.65	0.99	-3423	-180	-20	-1	0.99	True	+1	.	.	.	.	.	Donor_int	5/6	[]	[]	{'strand': '+', 'eStart': 1036129, 'eEnd': 1036245, 'curt_Ex': 5, 'curt_ExStart': 1036129, 'curt_ExEnd': 1036245, 'prev_Ex': 4, 'prev_ExStart': 1032558, 'prev_ExEnd': 1032695, 'next_Ex': 6, 'next_ExStart': 1036415, 'next_ExEnd': 1036561}	Intron_variant	False	False	False	False	False	.	.	.	.	.	.	927	False	False	Exonic(Non-Canonical)	False	False	False	False	False	False	.	.	.	.	5	0	5		NM_004368.4	UNK	2156	602373	0.0
Sample_16077	Sample_16078	Sample_16079	snv	19:18273784-G-A	1.91	6.1	0.0777318498286164	0.0194589	True	.	PIK3R2	0.0	D	1.0	D	-7.38	D	27.4	3.69	3.69	0.917	0.999	.	.	.	.	.	.	.	.	.	.	.	19	18273784	G	A	PIK3R2	ENSG00000105647	ENST00000222254	c.1117G>A	p.Gly373Arg	10/16	missense_variant	protein_coding	16077	CNV	MCAP,MCAP	Identified	19:18273784-G-A	PIK3R2	ENST00000222254.13_3	ENSG00000105647.19_12	+	basic,Ensembl_canonical,MANE_Select,appris_principal_1,CCDS	True	PIK3R2|0.03|0.24|0.00|0.00|55|-2|-2236|-685	0.03	0.24	0.0	0.0	55	-2	-2236	-685	0.24	False	Exonic	173:7	173	7	7.0	non_SplExon	Acceptor_ex	10/16	['Pathogenic_19:18273784']	[]	{'strand': '+', 'eStart': 18273777, 'eEnd': 18273957, 'curt_Ex': 10, 'curt_ExStart': 18273777, 'curt_ExEnd': 18273957, 'prev_Ex': 9, 'prev_ExStart': 18273218, 'prev_ExEnd': 18273316, 'next_Ex': 11, 'next_ExStart': 18274073, 'next_ExEnd': 18274198}	96.11111111111111	False	False	False	False	False	.	.	.	.	.	.	2184	False	False	Exonic(Non-Canonical)	False	False	False	False	False	False	.	.	.	.	3	2	5	MPPH|MPPH1|p85|p85-BETA|P85B|p85beta	NM_005027.4	UNK	8980	603157	6.0
Sample_10076	Sample_10077	Sample_10078	snv	19:42754719-T-C	0.368	.	.	.	False	.	ERF	.	.	.	.	.	.	24.0	5.37	5.37	0.991	0.871	.	.	.	.	.	.	.	.	.	.	.	19	42754719	T	C	ERF	ENSG00000105722	ENST00000222329	c.23-2A>G	.	1/3	splice_acceptor_variant&intron_variant	protein_coding	10076	TMEM138	Coffin-SirisÇŒóŒQ,Coffin-SirisÇŒóŒQ	Identified	19:42754719-T-C	ERF	ENST00000222329.9_6	ENSG00000105722.10_10	-	basic,Ensembl_canonical,MANE_Select,appris_principal_1,CCDS	True	ERF|0.46|0.94|0.00|0.16|-54|-2|-459|112	0.46	0.94	0.0	0.16	-54	-2	-459	112	0.94	True	-2	.	.	.	.	.	Acceptor_int	1/3	[]	[]	{'strand': '-', 'eStart': 42754483, 'eEnd': 42754717, 'curt_Int': 1, 'curt_IntStart': 42754718, 'curt_IntEnd': 42759129, 'prev_Ex': 1, 'prev_ExStart': 42759130, 'prev_ExEnd': 42759280, 'next_Ex': 2, 'next_ExStart': 42754483, 'next_ExEnd': 42754717}	Intron_variant	False	True	True	False	True	.	52.0	.	.	113.0	.	1644	False	True	Possibly_NMD	True	False	False	True	False	True	.	19 42754665 42754717	.	88.269851693	7	0	7		NM_006494.4	AD	3444	611888	41.0
Sample_2281	Sample_3082	Sample_3083	snv	19:6732997-C-T	-1.049	.	.	.	True	.	GPR108	.	.	.	.	.	.	24.6	3.69	3.69	0.871	0.952	.	.	.	.	.	.	.	.	.	.	.	19	6732997	C	T	GPR108	ENSG00000125734	ENST00000264080	c.933+1G>A	.	10/17	splice_donor_variant&intron_variant	protein_coding	2281	DNM1	WestÇŒóŒQ,West+‘â‰»•s‘S	Identified	19:6732997-C-T	GPR108	ENST00000264080.12_9	ENSG00000125734.16_13	-	basic,Ensembl_canonical,MANE_Select,appris_principal_1,CCDS	False	GPR108|0.19|0.20|0.24|0.81|1|70|-30|1	0.19	0.2	0.24	0.81	1	70	-30	1	0.81	True	+1	.	.	.	.	.	Donor_int	10/17	[]	[]	{'strand': '-', 'eStart': 6732998, 'eEnd': 6733073, 'curt_Ex': 10, 'curt_ExStart': 6732998, 'curt_ExEnd': 6733073, 'prev_Ex': 9, 'prev_ExStart': 6733179, 'prev_ExEnd': 6733312, 'next_Ex': 11, 'next_ExStart': 6732487, 'next_ExEnd': 6732560}	Intron_variant	False	False	False	False	False	.	.	.	.	.	.	1629	False	False	Exonic(Non-Canonical)	False	False	False	False	False	False	.	.	.	.	5	0	5	LUSTR2	NM_001080452.1	UNK	17829		0.0
Sample_22695	Sample_22696	Sample_22697	snv	2:15770113-G-A	-1.353	11.47	0.969122293591143	0.999785	True	.	DDX1	.	.	.	.	.	.	26.4	6.17	6.17	0.917	0.513	.	.	.	.	.	.	.	.	.	.	.	2	15770113	G	A	DDX1	ENSG00000079785	ENST00000233084	c.1972-1G>A	.	24/25	splice_acceptor_variant&intron_variant	protein_coding	22695	DDX1	Developmental delay_VSD_coarctation of aorta	Identified	2:15770113-G-A	DDX1	ENST00000233084.8_4	ENSG00000079785.16_9	+	basic,Ensembl_canonical,MANE_Select,appris_principal_1,CCDS	False	DDX1|0.68|0.99|0.01|0.02|17|1|63|118	0.68	0.99	0.01	0.02	17	1	63	118	0.99	True	-1	.	.	.	.	.	Acceptor_int	24/25	[]	[]	{'strand': '+', 'eStart': 15770114, 'eEnd': 15770234, 'curt_Int': 24, 'curt_IntStart': 15769822, 'curt_IntEnd': 15770113, 'prev_Ex': 24, 'prev_ExStart': 15769726, 'prev_ExEnd': 15769821, 'next_Ex': 25, 'next_ExStart': 15770114, 'next_ExEnd': 15770234}	Intron_variant	False	True	True	False	False	.	16.0	.	.	.	.	2220	False	True	Possibly_NMD	True	False	False	False	False	True	.	2 15770114 15770130	.	88.158807154	7	0	7		NM_004939.3	UNK	2734	601257	0.0
Sample_5907	Sample_6332	Sample_6333	snv	2:183050807-C-T	0.669	.	.	.	False	.	PDE1A	.	.	.	.	.	.	19.35	3.08	3.08	0.871	0.250	.	.	.	.	.	.	.	.	.	.	.	2	183050807	C	T	PDE1A	ENSG00000115252	ENST00000409365	c.1329-1G>A	.	12/13	splice_acceptor_variant&intron_variant	protein_coding	5907	EP300	Coffin-Siris—Þ‰Ž¾Š³‹^‚¢_‘½”­ŠïŒ`_¸_’x‘Ø_¬’·áŠQ_’Ü‚Ì’áŒ`¬,Coffin-Siris—Þ‰Ž¾Š³‹^‚¢_‘½”­ŠïŒ`_¸_’x‘Ø_¬’·áŠQ_’Ü‚Ì’áŒ`¬	Identified	2:183050807-C-T	PDE1A	ENST00000409365.6_10	ENSG00000115252.19_13	-	basic,Ensembl_canonical,MANE_Select,appris_alternative_1,CCDS	False	PDE1A|0.46|0.97|0.01|0.12|-90|-1|187|-188	0.46	0.97	0.01	0.12	-90	-1	187	-188	0.97	True	-1	.	.	.	.	.	Acceptor_int	12/14	[]	[]	{'strand': '-', 'eStart': 183050619, 'eEnd': 183050806, 'curt_Int': 12, 'curt_IntStart': 183050807, 'curt_IntEnd': 183051194, 'prev_Ex': 12, 'prev_ExStart': 183051195, 'prev_ExEnd': 183051315, 'next_Ex': 13, 'next_ExStart': 183050619, 'next_ExEnd': 183050806}	Intron_variant	False	True	True	True	False	One exon skipping	89.0	.	.	.	188.0	1587	False	False	Possibly_NMD	True	False	False	False	True	True	2 183050619 183050806	2 183050717 183050806	89.527369942	65.668610832	4	0	4	CAM-PDE 1A|CAM-PDE-1A|HCAM-1|HCAM1|HSPDE1A	NM_005019.5	UNK	8774	171890	0.0
Sample_7020	Sample_7021	Sample_7022	snv	2:27878231-C-T	1.55	13.02	0.971356655883328	0.999994	True	.	SUPT7L	.	.	.	.	.	.	28.2	6.06	6.06	0.871	0.939	.	.	.	.	.	.	.	.	.	.	.	2	27878231	C	T	SUPT7L	ENSG00000119760	ENST00000337768	c.982+1G>A	.	5/5	splice_donor_variant&intron_variant	protein_coding	7020	TGFBR1	Marshall_Simith,Marshall_Simith	Identified	2:27878231-C-T	SUPT7L	ENST00000337768.10_10	ENSG00000119760.16_12	-	basic,Ensembl_canonical,MANE_Select,appris_alternative_1,CCDS	False	SUPT7L|0.01|0.09|0.38|0.98|787|238|146|1	0.01	0.09	0.38	0.98	787	238	146	1	0.98	True	+1	.	.	.	.	.	Donor_int	5/5	[]	[]	{'strand': '-', 'eStart': 27878232, 'eEnd': 27878469, 'curt_Ex': 5, 'curt_ExStart': 27878232, 'curt_ExEnd': 27878469, 'prev_Ex': 4, 'prev_ExStart': 27880212, 'prev_ExEnd': 27880536, 'next_Ex': 6, 'next_ExStart': 27873676, 'next_ExEnd': 27876614}	Intron_variant	False	False	False	True	False	One exon skipping	.	.	.	.	238.0	1242	False	False	Exonic(Non-Canonical)	False	False	False	False	True	True	2 27878232 27878469	.	92.955328802	.	6	0	6		NM_014860.3	UNK	30632	612762	0.0
Sample_3614	Sample_24736	Sample_24737	snv	2:64083569-T-C	-0.7152	10.91	0.0729878307535763	0.999216	True	.	UGP2	.	.	.	.	.	.	24.8	5.78	5.78	0.991	0.961	.	.	.	.	.	.	.	.	.	.	.	2	64083569	T	C	UGP2	ENSG00000169764	ENST00000337130	c.147+2T>C	.	2/9	splice_donor_variant&intron_variant	protein_coding	3614	SATB1	EOEE,EOEE 	Identified	2:64083569-T-C	UGP2	ENST00000337130.10_5	ENSG00000169764.16_15	+	basic,Ensembl_canonical,MANE_Select,appris_principal_1,CCDS	False	UGP2|0.00|0.58|0.27|0.87|-872|-129|107|-2	0.0	0.58	0.27	0.87	-872	-129	107	-2	0.87	True	+2	.	.	.	.	.	Donor_int	2/9	[]	[]	{'strand': '+', 'eStart': 64083440, 'eEnd': 64083567, 'curt_Int': 2, 'curt_IntStart': 64083568, 'curt_IntEnd': 64084962, 'prev_Ex': 2, 'prev_ExStart': 64083440, 'prev_ExEnd': 64083567, 'next_Ex': 3, 'next_ExStart': 64084963, 'next_ExEnd': 64085070}	Intron_variant	False	False	False	True	False	One exon skipping	.	.	.	.	128.0	1524	False	True	Possibly_NMD	False	False	False	False	True	True	2 64083440 64083567	.	90.326369057	.	7	0	7	DEE83|EIEE83|pHC379|SVUGP2|UDPG|UDPGP|UDPGP2|UGP1|UGPP1|UGPP2	NM_006759.4	UNK	12527	191760	1.0
Sample_15460	Sample_15461	Sample_15462	snv	21:19653355-A-T	-2.2	2.82	0.0112827564480103	.	True	.	TMPRSS15	.	.	.	.	.	.	24.5	5.66	5.66	1.062	0.993	.	.	.	.	.	.	.	.	.	.	.	21	19653355	A	T	TMPRSS15	ENSG00000154646	ENST00000284885	c.2668+2T>A	.	22/24	splice_donor_variant&intron_variant	protein_coding	15460	WDR37,KMT2D	‰Ì•‘ŠêÇŒóŒQ,‰Ì•‘ŠêÇŒóŒQ	Identified	21:19653355-A-T	TMPRSS15	ENST00000284885.8_6	ENSG00000154646.9_10	-	basic,Ensembl_canonical,MANE_Select,appris_principal_1,CCDS	False	TMPRSS15|0.00|0.97|0.01|0.98|2147|183|-1846|2	0.0	0.97	0.01	0.98	2147	183	-1846	2	0.98	True	+2	.	.	.	.	.	Donor_int	22/24	[]	[]	{'strand': '-', 'eStart': 19653357, 'eEnd': 19653538, 'curt_Int': 22, 'curt_IntStart': 19651377, 'curt_IntEnd': 19653356, 'prev_Ex': 22, 'prev_ExStart': 19653357, 'prev_ExEnd': 19653538, 'next_Ex': 23, 'next_ExStart': 19651281, 'next_ExEnd': 19651376}	Intron_variant	False	False	False	True	False	One exon skipping	.	.	.	.	182.0	3057	False	False	Possibly_NMD	False	False	False	False	True	True	21 19653357 19653538	.	65.668610832	.	4	0	4	ENTK|PRSS7	NM_002772.3	UNK	9490	606635	11.0
Sample_15460	Sample_15461	Sample_15462	snv	21:19653356-C-T	-2.437	5.2	0.0146656112943015	0.00235896	False	.	TMPRSS15	.	.	.	.	.	.	26.1	5.66	5.66	0.871	0.997	.	.	.	.	.	.	.	.	.	.	.	21	19653356	C	T	TMPRSS15	ENSG00000154646	ENST00000284885	c.2668+1G>A	.	22/24	splice_donor_variant&intron_variant	protein_coding	15460	WDR37,KMT2D	‰Ì•‘ŠêÇŒóŒQ,‰Ì•‘ŠêÇŒóŒQ	Identified	21:19653356-C-T	TMPRSS15	ENST00000284885.8_6	ENSG00000154646.9_10	-	basic,Ensembl_canonical,MANE_Select,appris_principal_1,CCDS	False	TMPRSS15|0.00|0.97|0.01|0.98|2146|182|-1847|1	0.0	0.97	0.01	0.98	2146	182	-1847	1	0.98	True	+1	.	.	.	.	.	Donor_int	22/24	[]	[]	{'strand': '-', 'eStart': 19653357, 'eEnd': 19653538, 'curt_Ex': 22, 'curt_ExStart': 19653357, 'curt_ExEnd': 19653538, 'prev_Ex': 21, 'prev_ExStart': 19666587, 'prev_ExEnd': 19666761, 'next_Ex': 23, 'next_ExStart': 19651281, 'next_ExEnd': 19651376}	Intron_variant	False	False	False	True	False	One exon skipping	.	.	.	.	182.0	3057	False	False	Exonic(Non-Canonical)	False	False	False	False	True	True	21 19653357 19653538	.	65.668610832	.	6	0	6	ENTK|PRSS7	NM_002772.3	UNK	9490	606635	11.0
Sample_23636	Sample_23937	Sample_23938	snv	22:21348896-G-T	-1.601	14.52	0.966726333221593	1.0	True	.	LZTR1	.	.	.	.	.	.	.	.	.	.	.	.	.	.	.	.	.	.	.	.	.	.	22	21348896	G	T	LZTR1	ENSG00000099949	ENST00000479606	n.1811G>T	.	16/22	non_coding_transcript_exon_variant	processed_transcript	23636	SV	‘å“ªÇ_‹‘å”]‘…_’m“IáŠQ,‘å“ªÇ_‹‘å”]‘…	Identified	22:21348896-G-T	ENSG00000285314	ENST00000479606.5_3	ENSG00000285314.1_5	+	basic,Ensembl_canonical,readthrough_transcript	False	LZTR1|0.83|0.18|0.01|0.00|3|-49|122|-1139	0.83	0.18	0.01	0.0	3	-49	122	-1139	0.83	False	Exonic	120:49	120	49	49.0	non_SplExon	Acceptor_ex	16/22	[]	['Likely pathogenic_22:21348845', 'Likely pathogenic_22:21348845', 'Likely pathogenic_22:21348846', 'Likely pathogenic_22:21348846']	{'strand': '+', 'eStart': 21348847, 'eEnd': 21349016, 'curt_Ex': 16, 'curt_ExStart': 21348847, 'curt_ExEnd': 21349016, 'prev_Ex': 15, 'prev_ExStart': 21348393, 'prev_ExEnd': 21348558, 'next_Ex': 17, 'next_ExStart': 21349159, 'next_ExEnd': 21349315}	71.00591715976333	False	True	True	False	False	.	52.0	.	.	.	.	0	False	True	Exonic(Non-Canonical)	True	False	False	False	False	True	.	22 21348847 21348899	.	58.3168842	3	1	4	BTBD29|LZTR-1|NS10|NS2|SWNTS2	NM_006767.4	AD	6742	600574	165.0
Sample_11033	Sample_13239	Sample_13240	snv	22:38485528-C-G	-0.4305	.	.	0.000154165	False	.	BAIAP2L2	.	.	.	.	.	.	22.9	2.23	2.23	0.772	0.716	.	.	.	.	.	.	.	.	.	.	.	22	38485528	C	G	BAIAP2L2	ENSG00000128298	ENST00000381669	c.765+1G>C	.	8/13	splice_donor_variant&intron_variant	protein_coding	11033	CHAMP1	’m“IáŠQ_‰^“®”­’B’x‘Ø_‚Ä‚ñ‚©‚ñ,’m“IáŠQ_‰^“®”­’B’x‘Ø_‚Ä‚ñ‚©‚ñ	Identified	22:38485528-C-G	BAIAP2L2	ENST00000381669.8_8	ENSG00000128298.18_15	-	basic,Ensembl_canonical,MANE_Select,appris_principal_1,CCDS	False	BAIAP2L2|0.00|0.62|0.02|0.97|519|153|-1577|1	0.0	0.62	0.02	0.97	519	153	-1577	1	0.97	True	+1	.	.	.	.	.	Donor_int	8/13	[]	[]	{'strand': '-', 'eStart': 38485529, 'eEnd': 38485681, 'curt_Ex': 8, 'curt_ExStart': 38485529, 'curt_ExEnd': 38485681, 'prev_Ex': 7, 'prev_ExStart': 38493039, 'prev_ExEnd': 38493185, 'next_Ex': 9, 'next_ExStart': 38485103, 'next_ExEnd': 38485238}	Intron_variant	False	False	False	True	False	One exon skipping	.	.	.	.	153.0	1587	False	False	Exonic(Non-Canonical)	False	False	False	False	False	False	22 38485529 38485681	.	.	.	5	0	5		NM_025045.6	UNK	26203	617536	0.0
Sample_5907	Sample_6332	Sample_6333	snv	22:41556731-G-C	-0.1257	7.02	0.855557514829923	0.397245	True	.	EP300	.	.	.	.	.	.	.	.	5.51	.	.	.	.	.	.	.	.	.	.	.	.	.	22	41556731	G	C	EP300	ENSG00000100393	ENST00000263253	c.3671+5G>C	.	20/30	splice_region_variant&intron_variant	protein_coding	5907	EP300	Coffin-Siris—Þ‰Ž¾Š³‹^‚¢_‘½”­ŠïŒ`_¸_’x‘Ø_¬’·áŠQ_’Ü‚Ì’áŒ`¬,Coffin-Siris—Þ‰Ž¾Š³‹^‚¢_‘½”­ŠïŒ`_¸_’x‘Ø_¬’·áŠQ_’Ü‚Ì’áŒ`¬	Identified	22:41556731-G-C	EP300	ENST00000263253.9_6	ENSG00000100393.15_14	+	basic,Ensembl_canonical,MANE_Select,appris_principal_2,CCDS	False	EP300|0.00|0.87|0.34|0.87|-1559|-85|-86|-5	0.0	0.87	0.34	0.87	-1559	-85	-86	-5	0.87	False	+5	.	.	.	.	.	Donor_int	20/30	['Likely pathogenic_22:41556731']	['Pathogenic/Likely pathogenic_22:41556727', 'Likely pathogenic_22:41556731']	{'strand': '+', 'eStart': 41556646, 'eEnd': 41556726, 'curt_Int': 20, 'curt_IntStart': 41556727, 'curt_IntEnd': 41558726, 'prev_Ex': 20, 'prev_ExStart': 41556646, 'prev_ExEnd': 41556726, 'next_Ex': 21, 'next_ExStart': 41558727, 'next_ExEnd': 41558783}	Intron_variant	False	False	False	True	False	One exon skipping	.	.	.	.	81.0	7242	False	True	Possibly_NMD	False	False	False	False	False	False	22 41556646 41556726	.	99.21236612	.	3	2	5	KAT3B|MKHK2|p300|RSTS2	NM_001429.4	AD	3373	602700	173.0
Sample_2193	Sample_5705	Sample_2194	snv	22:50502462-C-A	-2.266	.	.	.	True	.	MLC1	.	.	.	.	.	.	23.1	3.83	3.83	0.868	0.576	.	.	.	.	.	.	.	.	.	.	.	22	50502462	C	A	MLC1	ENSG00000100427	ENST00000311597	c.1059+1G>T	.	11/11	splice_donor_variant&intron_variant	protein_coding	2193	TUBB3	Aicardi,Aicardi	Identified	22:50502462-C-A	MLC1	ENST00000311597.10_6	ENSG00000100427.16_8	-	basic,Ensembl_canonical,MANE_Select,appris_principal_1,CCDS	False	MLC1|0.01|0.01|0.26|0.96|1965|165|70|1	0.01	0.01	0.26	0.96	1965	165	70	1	0.96	True	+1	.	.	.	.	.	Donor_int	11/11	[]	[]	{'strand': '-', 'eStart': 50502463, 'eEnd': 50502627, 'curt_Ex': 11, 'curt_ExStart': 50502463, 'curt_ExEnd': 50502627, 'prev_Ex': 10, 'prev_ExStart': 50506862, 'prev_ExEnd': 50506984, 'next_Ex': 12, 'next_ExStart': 50497820, 'next_ExEnd': 50500086}	Intron_variant	False	False	False	False	False	.	.	.	.	.	.	1131	False	True	Exonic(Non-Canonical)	False	False	False	False	False	False	.	.	.	.	5	0	5	LVM|MLC|VL	NM_015166.4	AR	17082	605908	116.0
Sample_8756	Sample_8757	Sample_8758	snv	3:52478928-C-A	-1.845	.	.	0.0161694	False	.	SEMA3G	.	.	.	.	.	.	23.5	4.11	4.11	0.871	0.942	.	.	.	.	.	.	.	.	.	.	.	3	52478928	C	A	SEMA3G	ENSG00000010319	ENST00000231721	c.115+1G>T	.	1/15	splice_donor_variant&intron_variant	protein_coding	8756	KCNQ2	West syn.,West_syn.	Identified	3:52478928-C-A	SEMA3G	ENST00000231721.7_6	ENSG00000010319.7_11	-	basic,Ensembl_canonical,MANE_Select,appris_principal_1,CCDS	False	SEMA3G|0.02|0.00|0.14|0.96|-1368|-966|-102|1	0.02	0.0	0.14	0.96	-1368	-966	-102	1	0.96	True	+1	.	.	.	.	.	Donor_int	1/15	[]	[]	{'strand': '-', 'eStart': 52478929, 'eEnd': 52479119, 'curt_Ex': 1, 'curt_ExStart': 52478929, 'curt_ExEnd': 52479119, 'prev_Ex': 0, 'prev_ExStart': '1st_Exon', 'prev_ExEnd': '1st_Exon', 'next_Ex': 2, 'next_ExStart': 52476763, 'next_ExEnd': 52476923}	Intron_variant	False	False	False	False	False	.	.	.	.	.	.	2346	False	False	Exonic(Non-Canonical)	False	False	False	False	False	False	.	.	.	.	5	0	5	sem2	NM_020163.3	UNK	30400		0.0
Sample_8251	Sample_8252	Sample_8253	snv	3:52783707-C-G	-2.894	.	.	.	False	.	NEK4	.	.	.	.	.	.	0.002	-0.218	.	-1.598	0.029	.	.	.	.	.	.	.	.	.	.	.	3	52783707	C	G	NEK4	ENSG00000114904	ENST00000233027	c.1506+1G>C	.	8/15	splice_donor_variant&intron_variant	protein_coding	8251	TRIP12	Ž©•ÂÇƒXƒyƒNƒgƒ‰ƒ€áŠQ,Ž©•ÂÇƒXƒyƒNƒgƒ‰ƒ€áŠQ	Identified	3:52783707-C-G	NEK4	ENST00000233027.10_9	ENSG00000114904.13_11	-	basic,Ensembl_canonical,MANE_Select,appris_principal_2,CCDS	False	NEK4|0.01|0.62|0.01|0.67|-214|138|-117|1	0.01	0.62	0.01	0.67	-214	138	-117	1	0.67	True	+1	.	.	.	.	.	Donor_int	8/15	[]	[]	{'strand': '-', 'eStart': 52783708, 'eEnd': 52783845, 'curt_Ex': 8, 'curt_ExStart': 52783708, 'curt_ExEnd': 52783845, 'prev_Ex': 7, 'prev_ExStart': 52785948, 'prev_ExEnd': 52786352, 'next_Ex': 9, 'next_ExStart': 52780750, 'next_ExEnd': 52780920}	Intron_variant	False	False	False	True	False	One exon skipping	.	.	.	.	138.0	2523	False	False	Exonic(Non-Canonical)	False	False	False	False	False	False	3 52783708 52783845	.	.	.	5	0	5		NM_003157.6	UNK	11399	601959	0.0
Sample_19016	Sample_19017	Sample_19018	snv	3:65346873-C-A	3.18	12.93	0.993023756447406	0.999998	True	.	MAGI1;MAGI1	0.019	D	0.143	B	-2.68	D	27.2	5.78	5.78	0.871	1.000	.	.	.	.	.	.	.	.	.	.	.	3	65346873	C	A	MAGI1	ENSG00000151276	ENST00000402939	c.3634+1G>T	.	22/22	splice_donor_variant&intron_variant	protein_coding	19016	DDX3X	Ž©•ÂÇƒXƒyƒNƒgƒ‰ƒ€áŠQ,ASD	Identified	3:65346873-C-A	MAGI1	ENST00000402939.7_5	ENSG00000151276.24_11	-	basic,Ensembl_canonical,MANE_Select,CCDS	False	MAGI1|0.11|0.00|0.02|0.02|158|-814|2283|570	0.11	0.0	0.02	0.02	158	-814	2283	570	0.11	True	+1	.	.	.	.	.	Donor_int	22/22	[]	[]	{'strand': '-', 'eStart': 65346874, 'eEnd': 65347012, 'curt_Ex': 22, 'curt_ExStart': 65346874, 'curt_ExEnd': 65347012, 'prev_Ex': 21, 'prev_ExStart': 65349140, 'prev_ExEnd': 65349283, 'next_Ex': 23, 'next_ExStart': 65339201, 'next_ExEnd': 65342807}	Intron_variant	False	False	False	False	False	.	.	.	.	.	.	4386	False	False	Exonic(Non-Canonical)	False	False	False	False	False	False	.	.	.	.	5	0	5						
Sample_4103	Sample_6890	Sample_7072	snv	3:9495416-A-G	-0.5902	15.12	0.981021431793466	1.0	True	.	SETD5	.	.	.	.	.	.	.	.	.	.	.	.	.	.	.	.	.	.	.	.	.	.	3	9495416	A	G	SETD5	ENSG00000168137	ENST00000402198	c.2347-7A>G	.	16/22	splice_region_variant&intron_variant	protein_coding	4103	SETD5	West syn.,West_syn	Identified	3:9495416-A-G	SETD5	ENST00000402198.7_9	ENSG00000168137.20_14	+	alternative_5_UTR,inferred_exon_combination,basic,Ensembl_canonical,MANE_Select,appris_principal_4,CCDS	False	SETD5|1.00|0.65|0.01|0.00|1|7|-940|388	1.0	0.65	0.01	0.0	1	7	-940	388	1.0	False	-7	.	.	.	.	.	Acceptor_int	16/22	['Pathogenic_3:9495416']	['Pathogenic_3:9495416', 'Pathogenic_3:9495422']	{'strand': '+', 'eStart': 9495423, 'eEnd': 9495552, 'curt_Int': 16, 'curt_IntStart': 9490315, 'curt_IntEnd': 9495422, 'prev_Ex': 16, 'prev_ExStart': 9490072, 'prev_ExEnd': 9490314, 'next_Ex': 17, 'next_ExStart': 9495423, 'next_ExEnd': 9495552}	Intron_variant	False	True	False	False	False	.	.	6.0	.	.	.	4326	False	True	Possibly_NMD	False	False	False	False	False	False	.	.	.	.	3	2	5	MRD23|SETD5A	NM_001080517.3	AD	25566	615743	61.0
Sample_6478	Sample_6476	Sample_6477	snv	4:47942779-C-T	-0.7954	6.33	0.239169641780901	0.0321618	True	.	CNGA1	.	.	.	.	.	.	24.9	5.44	5.44	0.871	0.999	.	.	.	.	.	.	.	.	.	.	.	4	47942779	C	T	CNGA1	ENSG00000198515	ENST00000514170	c.664+1G>A	.	10/10	splice_donor_variant&intron_variant	protein_coding	6478	CNV_ARID1B	CSS,CSS	Identified	4:47942779-C-T	CNGA1	ENST00000514170.7_7	ENSG00000198515.16_11	-	CAGE_supported_TSS,upstream_ATG,basic,Ensembl_canonical,MANE_Select,appris_principal_1	False	CNGA1|0.00|0.94|0.01|0.99|328|107|-813|1	0.0	0.94	0.01	0.99	328	107	-813	1	0.99	True	+1	.	.	.	.	.	Donor_int	10/10	[]	[]	{'strand': '-', 'eStart': 47942780, 'eEnd': 47942886, 'curt_Ex': 10, 'curt_ExStart': 47942780, 'curt_ExEnd': 47942886, 'prev_Ex': 9, 'prev_ExStart': 47944058, 'prev_ExEnd': 47944165, 'next_Ex': 11, 'next_ExStart': 47937994, 'next_ExEnd': 47939846}	Intron_variant	False	False	False	True	False	One exon skipping	.	.	.	.	107.0	2058	False	True	Exonic(Non-Canonical)	False	False	False	False	True	True	4 47942780 47942886	.	94.71321257	.	6	0	6		NM_000087.5	AR	2148	123825	52.0
Sample_15560	Sample_15561	Sample_15562	snv	5:72795028-G-T	-1.462	2.82	0.329029327715312	.	False	.	BTF3	.	.	.	.	.	.	26.2	4.17	4.17	0.830	1.000	.	.	.	.	.	.	.	.	.	.	.	5	72795028	G	T	BTF3	ENSG00000145741	ENST00000380591	c.201+1G>T	.	2/5	splice_donor_variant&intron_variant	protein_coding	15560	CNV	Ž‹°‰º•”‰ßŒëŽî(ŠO•\ŠïŒ`‚È‚µ),Ž‹°‰º•”‰ßŒëŽí	Identified	5:72795028-G-T	BTF3	ENST00000380591.8_5	ENSG00000145741.17_12	+	basic,Ensembl_canonical,MANE_Select,CCDS	False	BTF3|0.01|0.64|0.25|0.99|41|-69|234|-1	0.01	0.64	0.25	0.99	41	-69	234	-1	0.99	True	+1	.	.	.	.	.	Donor_int	2/5	[]	[]	{'strand': '+', 'eStart': 72794959, 'eEnd': 72795027, 'curt_Ex': 2, 'curt_ExStart': 72794959, 'curt_ExEnd': 72795027, 'prev_Ex': 1, 'prev_ExStart': 72794267, 'prev_ExEnd': 72794624, 'next_Ex': 3, 'next_ExStart': 72798313, 'next_ExEnd': 72798426}	Intron_variant	False	False	False	True	False	One exon skipping	.	.	.	.	69.0	618	False	False	Exonic(Non-Canonical)	False	False	False	False	False	False	5 72794959 72795027	.	94.091290376	.	6	0	6	BETA-NAC|BTF3a|BTF3b|NACB	NM_001207.5	UNK	1125	602542	0.0
Sample_21942	Sample_21943	Sample_21944	snv	6:118015344-G-A	-0.7156	12.37	0.987337020666767	0.999973	True	confirmed	NUS1	.	.	.	.	.	.	25.9	4.96	4.96	0.917	0.996	.	.	.	.	.	.	.	.	.	.	.	6	118015344	G	A	NUS1	ENSG00000153989	ENST00000368494	c.691+1G>A	.	3/4	splice_donor_variant&intron_variant	protein_coding	21942	NUS1,NUS1	“Á”­«‘S”Ê‚Ä‚ñ‚©‚ñ+•sˆÓ‰^“®,“Á”­«‘S”Ê‚Ä‚ñ‚©‚ñ_•sˆÓ‰^“®	Identified	6:118015344-G-A	NUS1	ENST00000368494.4_3	ENSG00000153989.8_6	+	basic,Ensembl_canonical,MANE_Select,appris_principal_1,CCDS	False	NUS1|0.01|0.01|0.21|1.00|-787|733|-92|-1	0.01	0.01	0.21	1.0	-787	733	-92	-1	1.0	True	+1	.	.	.	.	.	Donor_int	3/4	[]	[]	{'strand': '+', 'eStart': 118015194, 'eEnd': 118015343, 'curt_Ex': 3, 'curt_ExStart': 118015194, 'curt_ExEnd': 118015343, 'prev_Ex': 2, 'prev_ExStart': 118014205, 'prev_ExEnd': 118014330, 'next_Ex': 4, 'next_ExStart': 118024768, 'next_ExEnd': 118024867}	Intron_variant	False	False	False	False	False	.	.	.	.	.	.	879	False	True	Exonic(Non-Canonical)	False	False	False	False	False	False	.	.	.	.	5	0	5	C6orf68|CDG1AA|MGC:7199|MRD55|NgBR|TANGO14	NM_138459.5	ADAR	21042	610463	48.0
Sample_9505	Sample_9506	Sample_9507	snv	6:142731009-A-G	-1.47	9.43	0.147334517336976	0.976516	True	.	ADGRG6	.	.	.	.	.	.	24.5	5.96	5.96	1.062	0.984	.	.	.	.	.	.	.	.	.	.	.	6	142731009	A	G	GPR126	ENSG00000112414	ENST00000367609	c.2389-2A>G	.	16/24	splice_acceptor_variant&intron_variant	protein_coding	9505	CNV_SLC2A1	EOEE,EOEE	Identified	6:142731009-A-G	ADGRG6	ENST00000367609.8_10	ENSG00000112414.15_12	+	CAGE_supported_TSS,basic,Ensembl_canonical,MANE_Select,appris_principal_3,CCDS	False	ADGRG6|0.03|0.97|0.00|0.88|6|2|-1603|47	0.03	0.97	0.0	0.88	6	2	-1603	47	0.97	True	-2	.	.	.	.	.	Acceptor_int	16/24	[]	[]	{'strand': '+', 'eStart': 142731011, 'eEnd': 142731056, 'curt_Int': 16, 'curt_IntStart': 142729407, 'curt_IntEnd': 142731010, 'prev_Ex': 16, 'prev_ExStart': 142729287, 'prev_ExEnd': 142729406, 'next_Ex': 17, 'next_ExStart': 142731011, 'next_ExEnd': 142731056}	Intron_variant	False	False	False	True	False	One exon skipping	.	.	.	.	46.0	3750	False	False	Possibly_NMD	False	False	False	False	True	True	6 142731011 142731056	.	99.34371121	.	4	0	4	APG1|DREG|GPR126|LCCS9|PR126|PS1TP2|VIGR	NM_198569.3	UNK	13841	612243	8.0
Sample_12102	Sample_15785	Sample_13780	snv	6:41751345-T-C	0.115	13.02	0.997514895121276	0.999994	True	.	PRICKLE4	.	.	.	.	.	.	18.85	3.4	3.4	0.673	0.469	8.275e-06	9.634e-05	0	0	0	0	0	0	.	.	.	6	41751345	T	C	PRICKLE4	ENSG00000124593	ENST00000458694	c.132+2T>C	.	3/7	splice_donor_variant&intron_variant	protein_coding	12102	IL7	WestÇŒóŒQ,WestÇŒóŒQ	Identified	6:41751345-T-C	PRICKLE4	ENST00000458694.6_7	ENSG00000278224.7_11	+	RNA_Seq_supported_only,basic,Ensembl_canonical,MANE_Select,appris_principal_2,CCDS	False	PRICKLE4|0.00|0.37|0.25|0.83|-2186|-145|78|-2	0.0	0.37	0.25	0.83	-2186	-145	78	-2	0.83	True	+2	.	.	.	.	.	Donor_int	3/7	[]	[]	{'strand': '+', 'eStart': 41751200, 'eEnd': 41751343, 'curt_Int': 3, 'curt_IntStart': 41751344, 'curt_IntEnd': 41751868, 'prev_Ex': 3, 'prev_ExStart': 41751200, 'prev_ExEnd': 41751343, 'next_Ex': 4, 'next_ExStart': 41751869, 'next_ExEnd': 41751976}	Intron_variant	False	False	False	True	False	One exon skipping	.	.	.	.	144.0	1152	False	False	Possibly_NMD	False	False	False	False	False	False	6 41751200 41751343	.	72.948741736	.	6	0	6		NM_013397.6	UNK	16805	611389	0.0
Sample_22284	Sample_22285	Sample_22286	snv	6:79675660-A-C	-0.2173	13.87	0.963617796926872	1.0	True	.	PHIP	.	.	.	.	.	.	24.8	5.64	5.64	1.062	0.919	.	.	.	.	.	.	.	.	.	.	.	6	79675660	A	C	PHIP	ENSG00000146247	ENST00000275034	c.3317+2T>G	.	28/39	splice_donor_variant&intron_variant	protein_coding	22284	PHIP,PHIP 	ƒrƒIƒ`ƒ“”½‰ž«Šî’êŠj•a‹^‚¢,ƒrƒIƒ`ƒ“”½‰ž«Šî’êŠj•a (SLC19A3)‹^‚¢	Identified	6:79675660-A-C	PHIP	ENST00000275034.5_7	ENSG00000146247.15_10	-	basic,Ensembl_canonical,MANE_Select,appris_principal_3,CCDS	False	PHIP|0.00|0.78|0.05|0.97|2574|113|38|2	0.0	0.78	0.05	0.97	2574	113	38	2	0.97	True	+2	.	.	.	.	.	Donor_int	28/39	[]	['Likely pathogenic_6:79675662']	{'strand': '-', 'eStart': 79675662, 'eEnd': 79675773, 'curt_Int': 28, 'curt_IntStart': 79675482, 'curt_IntEnd': 79675661, 'prev_Ex': 28, 'prev_ExStart': 79675662, 'prev_ExEnd': 79675773, 'next_Ex': 29, 'next_ExStart': 79675420, 'next_ExEnd': 79675481}	Intron_variant	False	False	False	True	False	One exon skipping	.	.	.	.	112.0	5463	False	True	Possibly_NMD	False	False	False	False	True	True	6 79675662 79675773	.	96.152865695	.	7	1	8	BRWD2|CHUJANS|DCAF14|DIDOD|ndrp|WDR11	NM_017934.7	AD	15673	612870	60.0
Sample_15140	Sample_15141	Sample_15142	snv	7:133689845-T-C	-1.889	1.42	0.375072593465674	.	True	.	EXOC4	.	.	.	.	.	.	24.2	5.44	5.44	0.991	0.986	.	.	.	.	.	.	.	.	.	.	.	7	133689845	T	C	EXOC4	ENSG00000131558	ENST00000253861	c.2527+2T>C	.	16/17	splice_donor_variant&intron_variant	protein_coding	15140	ADAM22	Seizure,Seizure	Identified	7:133689845-T-C	EXOC4	ENST00000253861.5_3	ENSG00000131558.15_9	+	basic,Ensembl_canonical,MANE_Select,appris_principal_1,CCDS	False	EXOC4|0.00|0.04|0.11|0.99|-1135|3438|-16|-2	0.0	0.04	0.11	0.99	-1135	3438	-16	-2	0.99	True	+2	.	.	.	.	.	Donor_int	16/17	[]	[]	{'strand': '+', 'eStart': 133689665, 'eEnd': 133689843, 'curt_Int': 16, 'curt_IntStart': 133689844, 'curt_IntEnd': 133692428, 'prev_Ex': 16, 'prev_ExStart': 133689665, 'prev_ExEnd': 133689843, 'next_Ex': 17, 'next_ExStart': 133692429, 'next_ExEnd': 133692588}	Intron_variant	False	False	False	False	True	.	.	.	.	3439.0	.	2922	False	False	Possibly_NMD	False	False	False	True	False	True	.	.	.	.	4	0	4		NM_021807.4	UNK	30389	608185	1.0
Sample_24065	Sample_24066	Sample_24067	snv	7:40039058-G-A	-0.5757	15.12	0.980415757097337	1.0	True	.	CDK13	0.0	D	1.0	D	-6.6	D	32	5.55	5.55	0.917	1.000	.	.	.	.	.	.	.	.	.	.	.	7	40039058	G	A	CDK13	ENSG00000065883	ENST00000181839	c.2141G>A	p.Gly714Asp	4/14	missense_variant	protein_coding	24065	CDK13,CDK13	Global developmental delay_ intellectual disability_ Ventriculomegaly etc,Coffin-SirisÇŒóŒQ‹^‚¢	Identified	7:40039058-G-A	CDK13	ENST00000181839.10_5	ENSG00000065883.18_14	+	basic,Ensembl_canonical,MANE_Select,appris_principal_3,CCDS	False	CDK13|0.11|0.00|0.05|0.21|-98|-1|-1811|-1	0.11	0.0	0.05	0.21	-98	-1	-1811	-1	0.21	False	Exonic	41:98	41	98	41.0	non_SplExon	Donor_ex	4/14	['Pathogenic_7:40039058']	[]	{'strand': '+', 'eStart': 40038960, 'eEnd': 40039099, 'curt_Ex': 4, 'curt_ExStart': 40038960, 'curt_ExEnd': 40039099, 'prev_Ex': 3, 'prev_ExStart': 40037093, 'prev_ExEnd': 40037263, 'next_Ex': 5, 'next_ExStart': 40041460, 'next_ExEnd': 40041630}	29.496402877697843	False	False	False	False	False	.	.	.	.	.	.	4536	False	True	Exonic(Non-Canonical)	False	False	False	False	False	False	.	.	.	.	3	2	5	CDC2L|CDC2L5|CHDFIDD|CHED|hCDK13	NM_003718.5	AD	1733	603309	34.0
Sample_7392	Sample_7393	Sample_7394	snv	7:76916895-G-A	-1.283	0.72	0.415044949309804	.	True	.	CCDC146	.	.	.	.	.	.	24.1	5.61	5.61	0.917	0.835	.	.	.	.	.	.	.	.	.	.	.	7	76916895	G	A	CCDC146	ENSG00000135205	ENST00000285871	c.2415+1G>A	.	17/18	splice_donor_variant&intron_variant	protein_coding	7392	PDHA1	Nemalinemyopathy,Nemalinemyopathy	Identified	7:76916895-G-A	CCDC146	ENST00000285871.5_6	ENSG00000135205.15_11	+	basic,Ensembl_canonical,MANE_Select,appris_principal_1,CCDS	False	CCDC146|0.00|0.51|0.04|0.99|65|-138|-76|-1	0.0	0.51	0.04	0.99	65	-138	-76	-1	0.99	True	+1	.	.	.	.	.	Donor_int	17/18	[]	[]	{'strand': '+', 'eStart': 76916757, 'eEnd': 76916894, 'curt_Ex': 17, 'curt_ExStart': 76916757, 'curt_ExEnd': 76916894, 'prev_Ex': 16, 'prev_ExStart': 76916115, 'prev_ExEnd': 76916243, 'next_Ex': 18, 'next_ExStart': 76922269, 'next_ExEnd': 76922517}	Intron_variant	False	False	False	True	False	One exon skipping	.	.	.	.	138.0	2865	False	False	Exonic(Non-Canonical)	False	False	False	False	False	False	7 76916757 76916894	.	82.798321568	.	6	0	6		NM_020879.3	UNK	29296		0.0
Sample_15053	Sample_15054	Sample_15055	snv	7:80302668-C-G	-0.24	1.12	0.255493918994883	.	True	.	CD36	.	.	.	.	.	.	.	.	4.94	.	.	2.506e-05	0	0.0003	0	0	0	0	0	.	.	.	7	80302668	C	G	CD36	ENSG00000135218	ENST00000447544	c.1200-3C>G	.	12/14	splice_region_variant&intron_variant	protein_coding	15053	DNM1L	d“x”­ˆçE”­’B’x‘Ø+“ïŽ¡‚Ä‚ñ‚©‚ñ+is«_Œo•a‘Ô,d“x”­ˆçE”­’B’x‘Ø+“ïŽ¡‚Ä‚ñ‚©‚ñ+is«_Œo•a‘Ô	Identified	7:80302668-C-G	CD36	ENST00000447544.7_4	ENSG00000135218.19_9	+	alternative_5_UTR,basic,Ensembl_canonical,MANE_Select,appris_principal_1,CCDS	False	CD36|0.12|0.60|0.00|0.60|-231|3|-426|57	0.12	0.6	0.0	0.6	-231	3	-426	57	0.6	False	-3	.	.	.	.	.	Acceptor_int	12/14	[]	['Likely pathogenic_7:80302670']	{'strand': '+', 'eStart': 80302671, 'eEnd': 80302725, 'curt_Int': 12, 'curt_IntStart': 80302160, 'curt_IntEnd': 80302670, 'prev_Ex': 12, 'prev_ExStart': 80302086, 'prev_ExEnd': 80302159, 'next_Ex': 13, 'next_ExStart': 80302671, 'next_ExEnd': 80302725}	Intron_variant	False	False	False	True	False	One exon skipping	.	.	.	.	55.0	1416	False	True	Possibly_NMD	False	False	False	False	True	True	7 80302671 80302725	.	14.389528555	.	3	1	4	BDPLT10|CHDS7|FAT|GP3B|GP4|GPIV|PASIV|SCARB3	NM_001001547.3	AR	1663	173510	40.0
Sample_23636	Sample_23937	Sample_23938	snv	8:101052189-C-A	-1.006	10.02	0.401770797547656	0.998461	True	.	RGS22	.	.	.	.	.	.	23.8	5.61	5.61	0.871	1.000	.	.	.	.	.	.	.	.	.	.	.	8	101052189	C	A	RGS22	ENSG00000132554	ENST00000360863	c.2064+1G>T	.	13/27	splice_donor_variant&intron_variant	protein_coding	23636	SV	‘å“ªÇ_‹‘å”]‘…_’m“IáŠQ,‘å“ªÇ_‹‘å”]‘…	Identified	8:101052189-C-A	RGS22	ENST00000360863.11_8	ENSG00000132554.21_16	-	basic,Ensembl_canonical,MANE_Select,appris_principal_3,CCDS	False	RGS22|0.00|0.46|0.24|0.99|1841|126|62|1	0.0	0.46	0.24	0.99	1841	126	62	1	0.99	True	+1	.	.	.	.	.	Donor_int	13/27	[]	[]	{'strand': '-', 'eStart': 101052190, 'eEnd': 101052315, 'curt_Ex': 13, 'curt_ExStart': 101052190, 'curt_ExEnd': 101052315, 'prev_Ex': 12, 'prev_ExStart': 101054030, 'prev_ExEnd': 101054144, 'next_Ex': 14, 'next_ExStart': 101051159, 'next_ExEnd': 101051260}	Intron_variant	False	False	False	True	False	One exon skipping	.	.	.	.	126.0	3792	False	False	Exonic(Non-Canonical)	False	False	False	False	False	False	8 101052190 101052315	.	76.958175326	.	6	0	6		NM_001286692.2	UNK	24499	615650	0.0
Sample_16187	Sample_16188	Sample_16189	snv	8:144903766-C-T	-1.014	6.42	0.437318023697392	0.039826	False	.	PUF60	.	.	.	.	.	.	25.2	4.89	4.89	0.871	0.999	.	.	.	.	.	.	.	.	.	.	.	8	144903766	C	T	PUF60	ENSG00000179950	ENST00000526683	c.297+1G>A	.	4/11	splice_donor_variant&intron_variant	protein_coding	16187	PUF60	KBG,KBGÇŒóŒQ	Identified	8:144903766-C-T	PUF60	ENST00000526683.6_11	ENSG00000179950.15_14	-	basic,Ensembl_canonical,MANE_Select,appris_principal_3,CCDS	False	PUF60|0.03|0.24|0.03|1.00|2287|-880|-159|1	0.03	0.24	0.03	1.0	2287	-880	-159	1	1.0	True	+1	.	.	.	.	.	Donor_int	4/11	[]	[]	{'strand': '-', 'eStart': 144903767, 'eEnd': 144903856, 'curt_Ex': 4, 'curt_ExStart': 144903767, 'curt_ExEnd': 144903856, 'prev_Ex': 3, 'prev_ExStart': 144903988, 'prev_ExEnd': 144904083, 'next_Ex': 5, 'next_ExStart': 144902836, 'next_ExEnd': 144902886}	Intron_variant	False	False	False	False	True	.	.	.	.	880.0	.	1677	False	True	Exonic(Non-Canonical)	False	False	False	True	False	True	.	.	.	.	5	0	5	FIR|RoBPI|SIAHBP1|VRJS	NM_078480.3	AD	17042	604819	60.0
Sample_23540	Sample_23541	Sample_23542	snv	8:92008973-C-A	-1.689	1.12	0.124724190740448	.	True	.	PIP4P2	.	.	.	.	.	.	28.2	5.78	5.78	0.871	0.903	.	.	.	.	.	.	.	.	.	.	.	8	92008973	C	A	TMEM55A	ENSG00000155099	ENST00000285419	c.540-1G>T	.	5/6	splice_acceptor_variant&intron_variant	protein_coding	23540	KCNH1,KCNH1	Dravet_ÇŒóŒQ‚Ì‹^‚¢,DravetÇŒóŒQ‹^‚¢	Identified	8:92008973-C-A	PIP4P2	ENST00000285419.8_7	ENSG00000155099.8_10	-	basic,Ensembl_canonical,MANE_Select,appris_principal_1,CCDS	False	TMEM55A|0.11|0.81|0.00|0.50|-9|-1|-1116|-91	0.11	0.81	0.0	0.5	-9	-1	-1116	-91	0.81	True	-1	.	.	.	.	.	Acceptor_int	5/6	[]	[]	{'strand': '-', 'eStart': 92008882, 'eEnd': 92008972, 'curt_Int': 5, 'curt_IntStart': 92008973, 'curt_IntEnd': 92020970, 'prev_Ex': 5, 'prev_ExStart': 92020971, 'prev_ExEnd': 92021023, 'next_Ex': 6, 'next_ExStart': 92008882, 'next_ExEnd': 92008972}	Intron_variant	False	False	False	True	False	One exon skipping	.	.	.	.	91.0	771	False	False	Possibly_NMD	False	False	False	False	True	True	8 92008882 92008972	.	92.562619679	.	4	0	4	TMEM55A	NM_018710.3	UNK	25452	609864	0.0
Sample_14490	Sample_14491	Sample_14492	snv	9:140729223-A-G	0.906	12.85	0.985513434589998	0.999991	True	confirmed	EHMT1	.	.	.	.	.	.	24.4	5.07	5.07	1.062	0.841	.	.	.	.	.	.	.	.	.	.	.	9	140729223	A	G	EHMT1	ENSG00000181090	ENST00000460843	c.3717-2A>G	.	26/26	splice_acceptor_variant&intron_variant	protein_coding	14490	EHMT1,EHMT1	Noonan_syndrome,Noonan_syndrome	Identified	9:140729223-A-G	EHMT1	ENST00000460843.6_8	ENSG00000181090.21_17	+	upstream_ATG,basic,Ensembl_canonical,MANE_Select,CCDS	False	EHMT1|0.02|0.99|0.02|0.69|527|2|317|-247	0.02	0.99	0.02	0.69	527	2	317	-247	0.99	True	-2	.	.	.	.	.	Acceptor_int	26/26	[]	[]	{'strand': '+', 'eStart': 140729225, 'eEnd': 140730579, 'curt_Int': 26, 'curt_IntStart': 140728977, 'curt_IntEnd': 140729224, 'prev_Ex': 26, 'prev_ExStart': 140728801, 'prev_ExEnd': 140728976, 'next_Ex': 27, 'next_ExStart': 140729225, 'next_ExEnd': 140730579}	Intron_variant	False	False	False	False	True	.	.	.	.	248.0	.	3894	False	True	Escape_NMD	False	False	False	True	False	True	.	.	.	.	5	0	5		NM_024757.5	AD	24650	607001	132.0
Sample_6906	Sample_6908	Sample_6909	snv	9:93626870-G-A	0.047	15.12	0.991052394085145	1.0	True	.	SYK	.	.	.	.	.	.	24.2	4.09	4.09	0.630	0.845	.	.	.	.	.	.	.	.	.	.	.	9	93626870	G	A	SYK	ENSG00000165025	ENST00000375754	c.718-1G>A	.	4/13	splice_acceptor_variant&intron_variant	protein_coding	6906	CPLANE1	CBH,CBH	Identified	9:93626870-G-A	SYK	ENST00000375754.9_7	ENSG00000165025.15_9	+	basic,Ensembl_canonical,MANE_Select,appris_principal_3,CCDS	False	SYK|0.01|0.67|0.00|0.61|5|1|-34|79	0.01	0.67	0.0	0.61	5	1	-34	79	0.67	True	-1	.	.	.	.	.	Acceptor_int	4/13	[]	[]	{'strand': '+', 'eStart': 93626871, 'eEnd': 93626949, 'curt_Int': 4, 'curt_IntStart': 93624627, 'curt_IntEnd': 93626870, 'prev_Ex': 4, 'prev_ExStart': 93624488, 'prev_ExEnd': 93624626, 'next_Ex': 5, 'next_ExStart': 93626871, 'next_ExEnd': 93626949}	Intron_variant	False	False	False	True	False	One exon skipping	.	.	.	.	79.0	1905	False	True	Possibly_NMD	False	False	False	False	True	True	9 93626871 93626949	.	84.298476076	.	7	0	7		NM_003177.7	UNK	11491	600085	0.0
Sample_19060	Sample_19061	Sample_19062	snv	X:118123636-G-A	-0.2056	.	.	.	True	.	LONRF3	.	.	.	.	.	.	21.6	3.64	3.64	0.630	0.915	.	.	.	.	.	.	.	.	.	.	.	X	118123636	G	A	LONRF3	ENSG00000175556	ENST00000371628	c.1324+1G>A	.	4/10	splice_donor_variant&intron_variant	protein_coding	19060	GRIA3,GRIA3	ƒVƒ…ƒƒ‹ƒcEƒ„ƒ“ƒyƒ‹•aA‰ßè‹Áœ±Ç,ƒVƒ…ƒƒ‹ƒcEƒ„ƒ“ƒyƒ‹•a_‰ßè‹Áœ±Ç	Identified	X:118123636-G-A	LONRF3	ENST00000371628.8_3	ENSG00000175556.17_6	+	basic,Ensembl_canonical,MANE_Select,appris_principal_1,CCDS	False	LONRF3|0.01|0.03|0.81|0.98|-2748|-265|23|-1	0.01	0.03	0.81	0.98	-2748	-265	23	-1	0.98	True	+1	.	.	.	.	.	Donor_int	4/10	[]	[]	{'strand': '+', 'eStart': 118123371, 'eEnd': 118123635, 'curt_Ex': 4, 'curt_ExStart': 118123371, 'curt_ExEnd': 118123635, 'prev_Ex': 3, 'prev_ExStart': 118116784, 'prev_ExEnd': 118116906, 'next_Ex': 5, 'next_ExStart': 118124433, 'next_ExEnd': 118124523}	Intron_variant	False	False	False	True	False	One exon skipping	.	.	.	.	265.0	2277	False	False	Exonic(Non-Canonical)	False	False	False	False	True	True	X 118123371 118123635	.	63.501302893	.	6	0	6	RNF127	NM_024778.5	UNK	21152		0.0
Sample_19887	Sample_19803	Sample_19804	snv	X:123220440-C-T	-0.2553	13.33	0.985440489047639	0.976514	True	.	STAG2	.	.	.	.	.	.	46	3.39	3.39	0.871	0.998	.	.	.	.	.	.	.	.	.	.	.	X	123220440	C	T	STAG2	ENSG00000101972	ENST00000371145	c.3097C>T	p.Arg1033*	30/35	stop_gained	protein_coding	19887	STAG2	‘S‘O”]–EÇ_ŒûOŒûŠW—ô_¶S’áŒ`¬,‘S‘O”]–EÇ_ŒûOŒûŠW—ô_¶S’áŒ`¬	Identified	X:123220440-C-T	STAG2	ENST00000371145.8_5	ENSG00000101972.20_7	+	basic,Ensembl_canonical,MANE_Select,appris_principal_1,CCDS	False	STAG2|0.12|0.00|0.00|0.00|52|-43|-44|-299	0.12	0.0	0.0	0.0	52	-43	-44	-299	0.12	False	Exonic	180:43	180	43	43.0	non_SplExon	Acceptor_ex	30/35	['Pathogenic_X:123220440']	[]	{'strand': '+', 'eStart': 123220397, 'eEnd': 123220620, 'curt_Ex': 30, 'curt_ExStart': 123220397, 'curt_ExEnd': 123220620, 'prev_Ex': 29, 'prev_ExStart': 123217271, 'prev_ExEnd': 123217399, 'next_Ex': 31, 'next_ExStart': 123224425, 'next_ExEnd': 123224614}	80.71748878923766	False	False	False	False	False	.	.	.	.	.	.	3804	False	True	Exonic(Non-Canonical)	False	False	False	False	False	False	.	.	.	.	2	2	4	bA517O1.1|HPE13|MKMS|NEDXCF|SA-2|SA2|SCC3B	NM_001042749.2	XLD	11355	300826	34.0
Sample_23636	Sample_23937	Sample_23938	snv	X:153131285-C-A	0.144	14.82	0.676072905997819	0.999999	False	.	L1CAM	.	.	.	.	.	.	.	.	3.49	.	.	.	.	.	.	.	.	.	.	.	.	.	X	153131285	C	A	L1CAM	ENSG00000198910	ENST00000370060	c.2432-11G>T	.	19/28	intron_variant	protein_coding	23636	SV	‘å“ªÇ_‹‘å”]‘…_’m“IáŠQ,‘å“ªÇ_‹‘å”]‘…	Identified	X:153131285-C-A	L1CAM	ENST00000370060.7_9	ENSG00000198910.14_13	-	basic,Ensembl_canonical,MANE_Select,appris_alternative_1,CCDS	False	L1CAM|0.01|0.43|0.02|0.00|-11|58|292|579	0.01	0.43	0.02	0.0	-11	58	292	579	0.43	False	-11	.	.	.	.	.	Acceptor_int	19/28	[]	['Likely pathogenic_X:153131275']	{'strand': '-', 'eStart': 153131159, 'eEnd': 153131274, 'curt_Int': 19, 'curt_IntStart': 153131275, 'curt_IntEnd': 153132103, 'prev_Ex': 19, 'prev_ExStart': 153132104, 'prev_ExEnd': 153132326, 'next_Ex': 20, 'next_ExStart': 153131159, 'next_ExEnd': 153131274}	Intron_variant	False	False	False	False	False	.	.	.	.	.	.	3771	False	True	Possibly_NMD	False	False	False	False	False	False	.	.	.	.	3	1	4		NM_000425.5	XLR	6470	308840	317.0
Sample_17370	Sample_17371	Sample_17372	snv	X:16858041-T-A	-0.7789	.	.	.	False	.	TXLNG	.	.	.	.	.	.	26.2	5.53	5.53	0.991	0.979	.	.	.	.	.	.	.	.	.	.	.	X	16858041	T	A	TXLNG	ENSG00000086712	ENST00000380122	c.1248+2T>A	.	9/9	splice_donor_variant&intron_variant	protein_coding	17370	IQSEC2,p.N765D	"Global delay
Epilepsy,Global_delay_Epilepsy"	Identified	X:16858041-T-A	TXLNG	ENST00000380122.10_5	ENSG00000086712.13_7	+	basic,Ensembl_canonical,MANE_Select,appris_principal_1,CCDS	False	TXLNG|0.00|0.14|0.62|0.95|22|-97|57|-2	0.0	0.14	0.62	0.95	22	-97	57	-2	0.95	True	+2	.	.	.	.	.	Donor_int	9/9	[]	[]	{'strand': '+', 'eStart': 16857944, 'eEnd': 16858039, 'curt_Int': 9, 'curt_IntStart': 16858040, 'curt_IntEnd': 16859550, 'prev_Ex': 9, 'prev_ExStart': 16857944, 'prev_ExEnd': 16858039, 'next_Ex': 10, 'next_ExStart': 16859551, 'next_ExEnd': 16862642}	Intron_variant	False	False	False	True	False	One exon skipping	.	.	.	.	96.0	1584	False	False	Escape_NMD	False	False	False	False	False	False	X 16857944 16858039	.	83.908657547	.	6	0	6	CXorf15|ELRG|FIAT|LSR5|TXLNGX	NM_018360.3	UNK	18578	300677	0.0
Sample_7392	Sample_7393	Sample_7394	snv	X:19371272-A-G	-1.659	15.43	0.783646090693208	1.0	True	confirmed	PDHA1	0.027	D	0.999	D	-4.54	D	27.3	5.53	5.53	1.062	0.999	.	.	.	.	.	.	.	.	.	.	.	X	19371272	A	G	PDHA1	ENSG00000131828	ENST00000422285	c.491A>G	p.Asn164Ser	5/11	missense_variant	protein_coding	7392	PDHA1	Nemalinemyopathy,Nemalinemyopathy	Identified	X:19371272-A-G	PDHA1	ENST00000422285.7_5	ENSG00000131828.14_8	+	basic,Ensembl_canonical,MANE_Select,appris_principal_1,CCDS	False	PDHA1|0.00|0.15|0.00|0.06|1337|-72|-27|19	0.0	0.15	0.0	0.06	1337	-72	-27	19	0.15	False	Exonic	19:72	19	72	19.0	non_SplExon	Donor_ex	5/11	['Pathogenic/Likely pathogenic_X:19371272']	[]	{'strand': '+', 'eStart': 19371200, 'eEnd': 19371291, 'curt_Ex': 5, 'curt_ExStart': 19371200, 'curt_ExEnd': 19371291, 'prev_Ex': 4, 'prev_ExStart': 19369399, 'prev_ExEnd': 19369525, 'next_Ex': 6, 'next_ExStart': 19372609, 'next_ExEnd': 19372701}	20.87912087912088	False	False	False	False	False	.	.	.	.	.	.	1170	False	True	Exonic(Non-Canonical)	False	False	False	False	False	False	.	.	.	.	2	2	4	E1alpha|PDHA|PDHAD|PDHCE1A|PHE1A	NM_000284.4	XLD	8806	300502	228.0
Sample_10507	Sample_10505	Sample_10506	snv	X:37642858-G-C	-3.418	13.02	0.847829313759482	0.952265	True	.	CYBB	.	.	.	.	.	.	.	.	5.16	.	.	.	.	.	.	.	.	.	.	.	.	.	X	37642858	G	C	CYBB	ENSG00000165168	ENST00000378588	c.252+5G>C	.	3/12	splice_region_variant&intron_variant	protein_coding	10507	CYBB	CGD,CGD	Identified	X:37642858-G-C	CYBB	ENST00000378588.5_4	ENSG00000165168.9_8	+	basic,Ensembl_canonical,MANE_Select,appris_principal_1,CCDS	True	CYBB|0.00|0.65|0.01|0.80|64|-115|63|-5	0.0	0.65	0.01	0.8	64	-115	63	-5	0.8	False	+5	.	.	.	.	.	Donor_int	3/12	['Likely pathogenic_X:37642858']	['Pathogenic_X:37642853', 'Likely pathogenic_X:37642858']	{'strand': '+', 'eStart': 37642743, 'eEnd': 37642853, 'curt_Int': 3, 'curt_IntStart': 37642854, 'curt_IntEnd': 37651227, 'prev_Ex': 3, 'prev_ExStart': 37642743, 'prev_ExEnd': 37642853, 'next_Ex': 4, 'next_ExStart': 37651228, 'next_ExEnd': 37651312}	Intron_variant	False	False	False	True	False	One exon skipping	.	.	.	.	111.0	1710	False	True	Possibly_NMD	False	False	False	False	False	False	X 37642743 37642853	.	88.417427888	.	3	2	5		NM_000397.4	XLR	2578	300481	912.0
Sample_5976	Sample_5977	Sample_5978	snv	X:48933022-C-T	-0.2729	15.43	0.995933851548194	0.998485	True	confirmed	WDR45	.	.	.	.	.	.	25.0	4.09	4.09	0.598	0.936	.	.	.	.	.	.	.	.	.	.	.	X	48933022	C	T	AF196779.12	ENSG00000250232	ENST00000376358	c.521+1G>A	.	6/7	splice_donor_variant&intron_variant	protein_coding	5976	WDR45	Rett,Rett	Identified	X:48933022-C-T	ENSG00000288053	ENST00000376358.4_6	ENSG00000288053.1_7	-	basic,Ensembl_canonical,appris_principal_1,readthrough_transcript	False	WDR45|0.02|0.23|0.22|0.99|615|60|53|1	0.02	0.23	0.22	0.99	615	60	53	1	0.99	True	+1	.	.	.	.	.	Donor_int	6/8	['Pathogenic_X:48933022']	['Likely pathogenic_X:48933018', 'Pathogenic/Likely pathogenic_X:48933018', 'Likely pathogenic_X:48933020', 'Pathogenic_X:48933022', 'Pathogenic/Likely pathogenic_X:48933022', 'Pathogenic_X:48933022']	{'strand': '-', 'eStart': 48933023, 'eEnd': 48933124, 'curt_Ex': 6, 'curt_ExStart': 48933023, 'curt_ExEnd': 48933124, 'prev_Ex': 5, 'prev_ExStart': 48933204, 'prev_ExEnd': 48933412, 'next_Ex': 7, 'next_ExStart': 48930092, 'next_ExEnd': 48930309}	Intron_variant	False	False	False	False	False	.	.	.	.	.	.	876	False	False	Exonic(Non-Canonical)	False	False	False	False	False	False	.	.	.	.	5	2	7	JM5|NBIA4|NBIA5|WDRX1|WIPI-4|WIPI4	NM_007075.4	XLD	28912	300526	138.0
Sample_13703	Sample_13704	Sample_13705	snv	X:48933604-C-T	-2.914	14.53	0.77768540668504	0.766238	True	confirmed	WDR45	0.015	D	1.0	D	0.66	N	27.4	3.92	3.92	0.871	0.406	.	.	.	.	.	.	.	.	.	.	.	X	48933604	C	T	AF196779.12	ENSG00000250232	ENST00000376358	c.131G>A	p.Gly44Glu	4/8	missense_variant&splice_region_variant	protein_coding	13703	WDR45	‘â‰»’x‰„_”­’B’x‘Ø,‘â‰»’x‰„_”­’B’x‘Ø	Identified	X:48933604-C-T	ENSG00000288053	ENST00000376358.4_6	ENSG00000288053.1_7	-	basic,Ensembl_canonical,appris_principal_1,readthrough_transcript	False	WDR45|0.28|0.03|0.00|0.06|33|0|-411|-101	0.28	0.03	0.0	0.06	33	0	-411	-101	0.28	False	Exonic	79:0	79	0	0.0	ex_acceptor_site	Acceptor_ex	4/9	[]	['Likely pathogenic_X:48933605', 'Pathogenic_X:48933606', 'Pathogenic_X:48933606', 'Likely pathogenic_X:48933607']	{'strand': '-', 'eStart': 48933525, 'eEnd': 48933604, 'curt_Ex': 4, 'curt_ExStart': 48933525, 'curt_ExEnd': 48933604, 'prev_Ex': 3, 'prev_ExStart': 48935496, 'prev_ExEnd': 48935570, 'next_Ex': 5, 'next_ExStart': 48933204, 'next_ExEnd': 48933412}	0.0	False	True	False	False	False	.	.	33.0	.	.	.	876	False	False	Exonic(Non-Canonical)	False	False	False	False	False	False	.	.	.	.	3	1	4	JM5|NBIA4|NBIA5|WDRX1|WIPI-4|WIPI4	NM_007075.4	XLD	28912	300526	138.0
